City_ID,City,Country,Date,Lat,Lng,Max Temp,Humidity,Cloudiness,Wind Speed
0,Barrow,US,2021-10-16 13:45:49,71.2906,-156.7887,21.22,73,90,13.8
1,Kapaa,US,2021-10-16 13:45:50,22.0752,-159.319,73.72,82,1,14.97
2,Navrongo,GH,2021-10-16 13:45:50,10.8956,-1.0921,99.48,23,27,4.21
3,Klaksvik,FO,2021-10-16 13:45:50,62.2266,-6.589,45.52,67,99,6.96
4,Velka Bites,CZ,2021-10-16 13:45:51,49.2884,16.2274,55.78,55,20,6.91
5,Albany,US,2021-10-16 13:45:52,42.6001,-73.9662,71.37,87,100,1.01
6,Ushuaia,AR,2021-10-16 13:45:52,-54.8,-68.3,33.42,86,90,27.63
7,Rikitea,PF,2021-10-16 13:45:52,-23.1203,-134.9692,74.37,77,12,6.85
8,Lagoa,PT,2021-10-16 13:45:53,39.05,-27.9833,69.69,86,100,22.53
9,Morro Bay,US,2021-10-16 13:45:53,35.3658,-120.8499,66.56,47,0,1.99
10,Kavaratti,IN,2021-10-16 13:45:54,10.5669,72.642,81.37,78,100,21.88
11,Victoria,HK,2021-10-16 13:45:54,22.2855,114.1577,77.05,83,5,8.99
12,Qaanaaq,GL,2021-10-16 13:45:55,77.484,-69.3632,19.45,87,99,8.9
13,Necochea,AR,2021-10-16 13:45:55,-38.5473,-58.7368,65.03,51,0,17.45
14,Busselton,AU,2021-10-16 13:45:55,-33.65,115.3333,61.09,73,96,8.48
15,Ankpa,NG,2021-10-16 13:45:56,7.3706,7.6253,85.87,59,32,5.28
16,Sola,VU,2021-10-16 13:45:56,-13.8833,167.55,80.44,77,93,4.79
17,Berlevag,NO,2021-10-16 13:41:34,70.8578,29.0864,39.38,96,100,25.93
18,Mukhen,RU,2021-10-16 13:45:57,48.1,136.1,25.77,81,74,10.8
19,Ginda,IN,2021-10-16 13:45:57,30.6945,78.4932,61.63,47,0,7.52
20,Saskylakh,RU,2021-10-16 13:45:57,71.9167,114.0833,12.42,96,100,3.47
21,Moose Factory,CA,2021-10-16 13:45:58,51.2585,-80.6094,48.2,87,40,4.61
22,Strezhevoy,RU,2021-10-16 13:45:58,60.7333,77.5889,40.98,84,49,10.11
23,Hami,CN,2021-10-16 13:45:59,42.8,93.45,58.28,18,0,5.21
24,Punta Arenas,CL,2021-10-16 13:45:05,-53.15,-70.9167,39.31,70,75,34.52
25,Abu Dhabi,AE,2021-10-16 13:45:31,24.4667,54.3667,93.31,55,0,8.05
26,Svetlaya,RU,2021-10-16 13:45:59,46.5389,138.3297,29.88,65,2,8.1
27,Surgut,RU,2021-10-16 13:46:00,61.25,73.4167,44.78,81,0,11.18
28,Vaini,TO,2021-10-16 13:46:00,-21.2,-175.2,73.56,94,75,6.91
29,Kodiak,US,2021-10-16 13:41:25,57.79,-152.4072,34.9,62,2,6.89
30,Coquimbo,CL,2021-10-16 13:46:01,-29.9533,-71.3436,56.93,76,20,4.61
31,Mataura,NZ,2021-10-16 13:46:02,-46.1927,168.8643,48.31,82,100,6.62
32,Hermanus,ZA,2021-10-16 13:46:02,-34.4187,19.2345,58.8,59,100,22.01
33,Dunedin,NZ,2021-10-16 13:46:03,-45.8742,170.5036,52.81,82,100,15.99
34,Butaritari,KI,2021-10-16 13:46:04,3.0707,172.7902,81.37,73,33,17.69
35,Bredasdorp,ZA,2021-10-16 13:46:04,-34.5322,20.0403,58.28,46,94,22.15
36,Manzhouli,CN,2021-10-16 13:46:04,49.6,117.4333,22.21,67,93,8.41
37,Kahului,US,2021-10-16 13:44:17,20.8947,-156.47,73.85,91,90,12.66
38,Cape Town,ZA,2021-10-16 13:45:13,-33.9258,18.4232,62.11,65,75,4.0
39,Yerofey Pavlovich,RU,2021-10-16 13:46:05,53.9667,121.9667,21.94,44,99,2.17
40,Ewa Beach,US,2021-10-16 13:46:05,21.3156,-158.0072,75.15,68,1,6.91
41,Yenagoa,NG,2021-10-16 13:43:39,4.9247,6.2642,86.49,65,50,6.62
42,Ancud,CL,2021-10-16 13:43:17,-41.8697,-73.8203,53.42,79,100,10.02
43,Sao Felix Do Xingu,BR,2021-10-16 13:46:06,-6.6447,-51.995,97.25,34,99,3.58
44,Mareeba,AU,2021-10-16 13:46:07,-17.0,145.4333,70.45,93,5,2.3
45,Atuona,PF,2021-10-16 13:46:07,-9.8,-139.0333,77.0,79,32,21.12
46,Airai,TL,2021-10-16 13:46:07,-8.9266,125.4092,64.38,90,74,0.49
47,Pacific Grove,US,2021-10-16 13:46:08,36.6177,-121.9166,64.17,40,1,3.44
48,Nokha,IN,2021-10-16 13:46:08,27.6,73.4167,85.66,15,0,2.91
49,Bethel,US,2021-10-16 13:46:08,41.3712,-73.414,71.17,82,1,8.05
50,Tuxpan,MX,2021-10-16 13:46:09,19.55,-103.4,67.77,94,100,2.98
51,Libreville,GA,2021-10-16 13:46:09,0.3925,9.4537,86.02,70,40,9.22
52,Cabo San Lucas,MX,2021-10-16 13:46:10,22.8909,-109.9124,73.15,74,36,3.78
53,Mestia,GE,2021-10-16 13:46:10,43.0458,42.7278,57.69,71,65,3.51
54,Vanimo,PG,2021-10-16 13:46:10,-2.6741,141.3028,79.5,88,100,4.05
55,Dangriga,BZ,2021-10-16 13:46:11,16.9692,-88.2321,81.99,84,6,4.59
56,Hasaki,JP,2021-10-16 13:46:11,35.7333,140.8333,72.28,86,64,25.34
57,Saint-Philippe,RE,2021-10-16 13:46:12,-21.3585,55.7679,78.39,79,50,14.83
58,Porto Santo,PT,2021-10-16 13:46:12,33.072,-16.3415,75.58,60,20,6.91
59,Hithadhoo,MV,2021-10-16 13:46:12,-0.6,73.0833,83.48,71,98,20.24
60,Pevek,RU,2021-10-16 13:46:13,69.7008,170.3133,5.88,93,46,3.91
61,New Norfolk,AU,2021-10-16 13:46:13,-42.7826,147.0587,49.5,64,100,4.16
62,Jamestown,US,2021-10-16 13:43:34,42.097,-79.2353,60.12,99,90,5.99
63,Tuktoyaktuk,CA,2021-10-16 13:46:14,69.4541,-133.0374,26.6,86,90,3.44
64,Vestmannaeyjar,IS,2021-10-16 13:46:14,63.4427,-20.2734,41.99,87,75,23.02
65,Sitka,US,2021-10-16 13:46:15,57.0531,-135.33,39.09,87,90,3.44
66,Zhirnovsk,RU,2021-10-16 13:46:15,50.9845,44.7735,51.49,46,25,5.46
67,Yellowknife,CA,2021-10-16 13:45:08,62.456,-114.3525,36.41,100,90,4.61
68,Lodja,CD,2021-10-16 13:46:16,-3.4833,23.4333,84.04,54,96,4.07
69,Nhulunbuy,AU,2021-10-16 13:46:16,-12.2333,136.7667,81.21,83,100,5.75
70,San Patricio,US,2021-10-16 13:43:22,28.017,-97.5169,67.87,55,100,16.35
71,Along,IN,2021-10-16 13:46:17,28.1667,94.7667,75.42,83,19,2.21
72,Taoudenni,ML,2021-10-16 13:46:18,22.6783,-3.9836,101.66,10,2,6.17
73,Kirakira,SB,2021-10-16 13:46:18,-10.4544,161.9205,78.93,82,100,1.05
74,Marsabit,KE,2021-10-16 13:46:19,2.3284,37.9899,81.7,34,67,14.5
75,Bambous Virieux,MU,2021-10-16 13:46:19,-20.3428,57.7575,77.25,65,75,16.11
76,Nikolskoye,RU,2021-10-16 13:46:19,59.7035,30.7861,46.87,62,61,12.26
77,Guanica,PR,2021-10-16 13:46:20,17.9716,-66.908,89.13,72,72,4.0
78,Hilo,US,2021-10-16 13:46:20,19.7297,-155.09,72.28,92,90,8.05
79,Ilebo,CD,2021-10-16 13:46:21,-4.3167,20.5833,85.12,56,96,4.14
80,Castro,BR,2021-10-16 13:46:21,-24.7911,-50.0119,69.13,77,91,4.07
81,Nishihara,JP,2021-10-16 13:46:21,26.1842,127.7558,78.08,83,20,4.61
82,Aykhal,RU,2021-10-16 13:43:41,66.0,111.5,7.5,99,94,5.7
83,Dikson,RU,2021-10-16 13:46:22,73.5069,80.5464,30.9,97,100,15.57
84,Brandenburg,DE,2021-10-16 13:46:22,52.4167,12.55,56.68,53,82,8.12
85,Rovaniemi,FI,2021-10-16 13:45:52,66.5,25.7167,40.41,100,90,8.05
86,Atambua,ID,2021-10-16 13:46:23,-9.1061,124.8925,77.72,82,48,1.19
87,Pangnirtung,CA,2021-10-16 13:46:23,66.1451,-65.7125,31.69,53,5,5.3
88,Kasangulu,CD,2021-10-16 13:46:24,-4.5911,15.1708,90.01,42,87,6.06
89,Mahebourg,MU,2021-10-16 13:46:24,-20.4081,57.7,77.29,65,75,16.11
90,Ribeira Grande,PT,2021-10-16 13:46:24,38.5167,-28.7,72.0,83,75,21.85
91,Bologoye,RU,2021-10-16 13:46:25,57.8799,34.1068,43.75,72,28,10.96
92,Saint-Hubert,BE,2021-10-16 13:46:26,50.05,5.3833,52.61,56,25,1.21
93,Volot,RU,2021-10-16 13:46:26,57.9278,30.7025,46.08,62,19,12.28
94,Sayyan,YE,2021-10-16 13:46:26,15.1718,44.3244,67.86,10,79,15.7
95,Chuy,UY,2021-10-16 13:46:27,-33.6971,-53.4616,60.04,49,4,9.89
96,East London,ZA,2021-10-16 13:41:46,-33.0153,27.9116,65.34,59,20,18.41
97,Rota,ES,2021-10-16 13:46:27,36.6224,-6.3586,84.29,60,0,8.05
98,Vilyuysk,RU,2021-10-16 13:46:28,63.7553,121.6247,16.5,88,81,3.53
99,Fortuna,US,2021-10-16 13:46:29,40.5982,-124.1573,43.72,100,1,10.36
100,Tasiilaq,GL,2021-10-16 13:41:37,65.6145,-37.6368,33.96,69,100,6.96
101,Patnos,TR,2021-10-16 13:46:29,39.2336,42.8634,73.63,18,1,10.6
102,Longyearbyen,SJ,2021-10-16 13:46:30,78.2186,15.6401,26.44,54,75,16.11
103,Dinghai,CN,2021-10-16 13:46:30,26.2847,119.7936,76.12,69,99,32.14
104,Bandarbeyla,SO,2021-10-16 13:46:31,9.4942,50.8122,80.74,80,2,13.35
105,Georgetown,MY,2021-10-16 13:46:31,5.4112,100.3354,84.13,85,40,5.01
106,Tuatapere,NZ,2021-10-16 13:46:32,-46.1333,167.6833,47.84,81,100,5.84
107,Sotouboua,TG,2021-10-16 13:46:32,8.5667,0.9833,92.26,37,7,4.0
108,Avarua,CK,2021-10-16 13:46:32,-21.2078,-159.775,73.45,94,75,3.44
109,Lompoc,US,2021-10-16 13:46:33,34.6391,-120.4579,66.42,40,1,10.36
110,Broken Hill,AU,2021-10-16 13:46:34,-31.95,141.4333,55.11,58,53,4.61
111,Bluff,NZ,2021-10-16 13:46:34,-46.6,168.3333,52.57,73,100,13.4
112,Laguna,US,2021-10-16 13:46:34,38.421,-121.4238,64.2,73,1,0.0
113,Xique-Xique,BR,2021-10-16 13:46:35,-10.8218,-42.7263,88.05,41,60,10.2
114,Beringovskiy,RU,2021-10-16 13:46:35,63.05,179.3167,32.76,72,100,29.66
115,Tulum,MX,2021-10-16 13:46:36,20.2167,-87.4667,82.98,86,34,4.07
116,Kirovskiy,RU,2021-10-16 13:46:36,45.0917,133.5136,28.92,55,13,13.53
117,Alice Springs,AU,2021-10-16 13:42:04,-23.7,133.8833,72.95,20,5,11.5
118,Norman Wells,CA,2021-10-16 13:46:37,65.282,-126.8329,28.44,86,90,12.66
119,Sinnamary,GF,2021-10-16 13:43:36,5.3833,-52.95,86.88,64,78,8.5
120,Torbay,CA,2021-10-16 13:46:38,47.6666,-52.7314,47.75,95,90,21.85
121,Tiksi,RU,2021-10-16 13:46:38,71.6872,128.8694,6.39,94,100,5.44
122,Upernavik,GL,2021-10-16 13:46:38,72.7868,-56.1549,20.28,53,10,7.29
123,Caravelas,BR,2021-10-16 13:46:39,-17.7125,-39.2481,82.08,69,100,11.97
124,Kavieng,PG,2021-10-16 13:46:39,-2.5744,150.7967,83.48,71,74,13.71
125,Ilulissat,GL,2021-10-16 13:46:40,69.2167,-51.1,24.82,42,1,5.75
126,Road Town,VG,2021-10-16 13:46:40,18.4167,-64.6167,88.2,84,20,4.61
127,Sandy Bay,AU,2021-10-16 13:46:41,-42.913,147.3532,49.89,70,40,1.99
128,Khatanga,RU,2021-10-16 13:46:41,71.9667,102.5,3.56,96,99,7.52
129,Port Dickson,MY,2021-10-16 13:46:41,2.5228,101.7959,82.62,74,100,8.37
130,Biltine,TD,2021-10-16 13:46:42,14.5333,20.9167,92.66,37,8,6.44
131,Blackwater,AU,2021-10-16 13:46:42,-23.5833,148.8833,68.34,20,0,9.22
132,Ylivieska,FI,2021-10-16 13:46:43,64.0833,24.55,38.32,96,100,16.78
133,Mingoyo,TZ,2021-10-16 13:46:43,-10.1,39.6333,83.19,58,59,10.76
134,Ausa,ES,2021-10-16 13:46:44,41.9271,2.2497,72.07,55,44,7.0
135,Semey,KZ,2021-10-16 13:46:44,50.4111,80.2275,35.82,100,90,0.0
136,Ciudad Bolivar,VE,2021-10-16 13:46:44,8.1222,-63.5497,88.39,56,22,10.45
137,Hambantota,LK,2021-10-16 13:46:45,6.1241,81.1185,84.54,79,40,12.66
138,Sibolga,ID,2021-10-16 13:46:45,1.7427,98.7792,79.23,79,90,2.55
139,Provideniya,RU,2021-10-16 13:46:46,64.3833,-173.3,22.51,91,74,10.45
140,Staunton,US,2021-10-16 13:46:46,38.1496,-79.0717,72.25,63,1,1.99
141,Hervey Bay,AU,2021-10-16 13:46:46,-25.2986,152.8535,70.02,73,0,5.59
142,Mar Del Plata,AR,2021-10-16 13:46:47,-38.0023,-57.5575,60.13,50,0,1.01
143,Kampot,KH,2021-10-16 13:46:47,10.6167,104.1833,80.65,83,88,3.04
144,Kralendijk,BQ,2021-10-16 13:46:48,12.15,-68.2667,85.98,79,90,12.66
145,Mizdah,LY,2021-10-16 13:46:48,31.4451,12.9801,71.37,22,97,1.12
146,Axim,GH,2021-10-16 13:46:48,4.8699,-2.2405,84.36,69,25,9.73
147,Bikin,RU,2021-10-16 13:46:49,46.8161,134.26,27.48,62,25,11.9
148,Puerto Ayora,EC,2021-10-16 13:46:49,-0.7393,-90.3518,70.56,89,98,8.01
149,Kitzingen,DE,2021-10-16 13:46:50,49.7333,10.1667,61.02,81,5,2.89
150,Chima,IN,2021-10-16 13:46:50,30.6854,76.0863,83.01,32,0,3.22
151,Chokurdakh,RU,2021-10-16 13:46:51,70.6333,147.9167,-4.09,100,83,5.08
152,Duncan,US,2021-10-16 13:46:51,34.5023,-97.9578,48.34,76,1,8.05
153,Lebu,CL,2021-10-16 13:46:51,-37.6167,-73.65,53.55,67,21,8.79
154,San Ignacio,BZ,2021-10-16 13:46:52,17.1561,-89.0714,73.54,94,75,4.61
155,Abalak,RU,2021-10-16 13:46:52,58.1286,68.5944,47.08,74,100,6.96
156,Lavrentiya,RU,2021-10-16 13:46:53,65.5833,-171.0,24.76,83,90,11.16
157,Yulara,AU,2021-10-16 13:46:53,-25.2406,130.9889,78.64,11,82,6.91
158,Maragogi,BR,2021-10-16 13:43:04,-9.0122,-35.2225,82.78,69,61,13.18
159,Taucha,DE,2021-10-16 13:46:53,51.3833,12.4833,58.08,67,20,3.44
160,Vuktyl,RU,2021-10-16 13:46:54,63.8567,57.3094,39.36,88,100,10.51
161,Port Alfred,ZA,2021-10-16 13:46:54,-33.5906,26.891,65.28,50,19,29.71
162,Anadyr,RU,2021-10-16 13:46:55,64.75,177.4833,23.5,79,0,17.9
163,Pinheiro,BR,2021-10-16 13:46:55,-2.5214,-45.0825,85.37,70,100,5.59
164,Namtsy,RU,2021-10-16 13:46:56,62.7161,129.6658,17.71,95,88,1.16
165,Mandan,US,2021-10-16 13:46:56,46.8267,-100.8896,43.95,78,1,1.01
166,Grindavik,IS,2021-10-16 13:46:57,63.8424,-22.4338,41.47,75,75,9.22
167,Lahat,ID,2021-10-16 13:46:57,-3.8,103.5333,75.7,91,90,3.42
168,Narsaq,GL,2021-10-16 13:46:58,60.9167,-46.05,30.42,46,0,2.48
169,Mbengwi,CM,2021-10-16 13:46:58,6.0167,10.0,73.47,76,35,2.51
170,Cayenne,GF,2021-10-16 13:42:44,4.9333,-52.3333,89.64,82,75,1.01
171,Sao Miguel Do Araguaia,BR,2021-10-16 13:46:59,-13.275,-50.1628,94.73,34,96,4.27
172,Tecoanapa,MX,2021-10-16 13:42:37,16.5167,-98.75,79.32,80,48,3.6
173,Marawi,PH,2021-10-16 13:46:59,7.9986,124.2928,69.66,95,100,1.12
174,Sterling,US,2021-10-16 13:42:21,39.0062,-77.4286,71.6,87,75,1.01
175,Avera,US,2021-10-16 13:47:00,33.194,-82.5271,74.71,71,2,11.72
176,Terney,RU,2021-10-16 13:47:00,45.0503,136.6092,31.33,63,9,12.75
177,Lasa,IT,2021-10-16 13:47:01,46.6166,10.7002,63.48,51,17,1.63
178,Carutapera,BR,2021-10-16 13:47:01,-1.195,-46.02,87.64,61,95,9.75
179,Sorland,NO,2021-10-16 13:47:02,67.667,12.6934,37.47,53,100,17.85
180,Hobart,AU,2021-10-16 13:47:03,-42.8794,147.3294,49.86,69,40,1.99
181,Beroroha,MG,2021-10-16 13:47:03,-21.6667,45.1667,97.77,14,1,3.58
182,Sao Sebastiao,BR,2021-10-16 13:42:20,-23.76,-45.4097,81.07,70,33,7.36
183,Faanui,PF,2021-10-16 13:47:04,-16.4833,-151.75,79.66,77,16,20.33
184,Merauke,ID,2021-10-16 13:47:04,-8.4667,140.3333,80.96,81,82,8.14
185,Pontes E Lacerda,BR,2021-10-16 13:47:04,-15.2261,-59.3353,66.69,85,100,3.76
186,Arraial Do Cabo,BR,2021-10-16 13:47:05,-22.9661,-42.0278,78.76,83,75,11.5
187,Nago,JP,2021-10-16 13:47:05,26.5881,127.9761,78.96,77,0,9.42
188,Bekhtery,UA,2021-10-16 13:47:05,46.251,32.2927,61.5,53,100,9.1
189,Palmer,US,2021-10-16 13:43:42,42.1584,-72.3287,70.48,75,75,3.0
190,Ondjiva,AO,2021-10-16 13:47:06,-17.0667,15.7333,95.04,9,0,9.22
191,Slave Lake,CA,2021-10-16 13:47:06,55.2834,-114.769,33.78,75,90,2.3
192,Carnarvon,AU,2021-10-16 13:47:07,-24.8667,113.6333,68.07,73,0,16.11
193,Ossora,RU,2021-10-16 13:47:07,59.2353,163.0719,23.76,78,100,12.75
194,Mabaruma,GY,2021-10-16 13:47:07,8.2,-59.7833,90.54,53,95,5.39
195,Kapoeta,SS,2021-10-16 13:47:08,4.7717,33.5903,96.13,22,53,13.47
196,Sao Jose Da Coroa Grande,BR,2021-10-16 13:47:08,-8.8978,-35.1478,82.6,69,56,12.84
197,Constitucion,CL,2021-10-16 13:44:46,-35.3333,-72.4167,56.66,52,1,11.7
198,Yumen,CN,2021-10-16 13:47:09,40.2833,97.2,45.07,34,0,17.58
199,Nantucket,US,2021-10-16 13:47:09,41.2835,-70.0995,71.02,85,1,14.97
200,Roura,GF,2021-10-16 13:47:09,4.7263,-52.3274,89.51,62,75,8.05
201,Rong Kwang,TH,2021-10-16 13:47:10,18.339,100.3174,77.02,97,100,2.01
202,Ternate,ID,2021-10-16 13:47:10,0.8,127.4,82.47,79,79,5.08
203,Severo-Kurilsk,RU,2021-10-16 13:47:11,50.6789,156.125,40.06,65,7,19.89
204,Honiara,SB,2021-10-16 13:47:11,-9.4333,159.95,76.35,86,100,4.47
205,Hamilton,US,2021-10-16 13:44:35,39.1834,-84.5333,55.65,86,40,1.99
206,Khandyga,RU,2021-10-16 13:47:11,62.6667,135.6,5.7,97,53,2.21
207,Ponta Do Sol,PT,2021-10-16 13:47:12,32.6667,-17.1,83.71,52,39,2.68
208,Olafsvik,IS,2021-10-16 13:47:12,64.8945,-23.7142,38.19,70,100,19.42
209,Egvekinot,RU,2021-10-16 13:47:13,66.3167,-179.1667,12.13,89,53,10.6
210,Makakilo City,US,2021-10-16 13:47:13,21.3469,-158.0858,73.72,69,1,6.91
211,Lumphat,KH,2021-10-16 13:47:14,13.4878,106.9816,73.76,99,100,1.32
212,Vao,NC,2021-10-16 13:47:14,-22.6667,167.4833,71.96,89,100,9.93
213,Carballo,ES,2021-10-16 13:47:14,43.213,-8.691,61.9,90,100,3.56
214,Melfi,IT,2021-10-16 13:47:15,40.9965,15.6514,62.98,62,81,4.56
215,Seoul,KR,2021-10-16 13:44:52,37.5683,126.9778,43.99,41,0,13.8
216,Laje,BR,2021-10-16 13:47:15,-10.1833,-40.9667,89.94,30,59,13.69
217,Kaitangata,NZ,2021-10-16 13:47:16,-46.2817,169.8464,48.49,92,100,10.6
218,Geraldton,AU,2021-10-16 13:43:50,-28.7667,114.6,63.12,77,40,0.0
219,Minsk,BY,2021-10-16 13:47:16,53.9,27.5667,51.55,60,6,10.67
220,Svetlyy,RU,2021-10-16 13:47:17,54.675,20.1347,51.85,63,46,20.38
221,Ahipara,NZ,2021-10-16 13:47:17,-35.1667,173.1667,59.0,78,100,15.32
222,Katherine,AU,2021-10-16 13:47:18,-14.4667,132.2667,89.92,40,90,6.91
223,Luderitz,NA,2021-10-16 13:47:18,-26.6481,15.1594,68.02,42,0,37.36
224,Leh,IN,2021-10-16 13:47:19,34.1667,77.5833,50.61,19,1,4.41
225,Parfino,RU,2021-10-16 13:47:19,57.9731,31.6481,46.47,65,64,11.48
226,Zhezkazgan,KZ,2021-10-16 13:47:19,47.8043,67.7144,49.86,37,5,7.7
227,Chauk,MM,2021-10-16 13:47:20,20.8833,94.8167,79.3,85,99,8.93
228,Sabang,ID,2021-10-16 13:47:20,5.8933,95.3214,83.05,79,95,13.15
229,Srivardhan,IN,2021-10-16 13:47:20,18.0333,73.0167,80.29,74,100,6.06
230,Meulaboh,ID,2021-10-16 13:47:21,4.1363,96.1285,80.69,77,96,0.25
231,Naifaru,MV,2021-10-16 13:47:21,5.4444,73.3657,81.54,79,98,26.84
232,Pochutla,MX,2021-10-16 13:47:21,15.7432,-96.4661,76.82,69,95,2.8
233,Marquette,US,2021-10-16 13:43:50,46.5333,-87.6335,46.33,78,96,9.22
234,Roald,NO,2021-10-16 13:47:22,62.5833,6.1333,44.01,75,75,3.44
235,Ovruch,UA,2021-10-16 13:47:22,51.3246,28.8035,52.12,67,55,4.81
236,Shimoda,JP,2021-10-16 13:47:23,34.6667,138.95,71.71,89,13,14.56
237,Erenhot,CN,2021-10-16 13:47:23,43.6475,111.9767,32.02,23,0,9.93
238,Santiago Del Estero,AR,2021-10-16 13:42:41,-27.7951,-64.2615,65.8,26,5,6.13
239,Cherskiy,RU,2021-10-16 13:47:24,68.75,161.3,-10.3,100,69,2.82
240,Batsfjord,NO,2021-10-16 13:47:24,70.6345,29.7185,41.22,98,100,23.13
241,Bonavista,CA,2021-10-16 13:47:24,48.6499,-53.1147,48.11,95,100,29.04
242,Matay,EG,2021-10-16 13:47:25,28.419,30.7792,93.72,11,66,15.46
243,Tilichiki,RU,2021-10-16 13:47:25,60.4667,166.1,14.11,76,100,14.36
244,Enid,US,2021-10-16 13:44:18,36.3956,-97.8784,48.31,71,1,3.0
245,Kondoa,TZ,2021-10-16 13:47:25,-4.9,35.7833,85.93,23,77,6.64
246,Bend,US,2021-10-16 13:47:26,44.0582,-121.3153,49.48,56,1,5.01
247,Ambovombe,MG,2021-10-16 13:47:26,-25.1667,46.0833,85.39,50,8,13.6
248,Shieli,KZ,2021-10-16 13:47:27,44.1667,66.75,54.79,28,0,11.65
249,Lata,PT,2021-10-16 13:47:27,40.1629,-8.3327,71.04,50,100,2.73
250,Townsville,AU,2021-10-16 13:45:00,-19.25,146.8,72.48,68,40,0.0
251,Lianzhou,CN,2021-10-16 13:47:28,24.7811,112.3825,58.71,84,100,7.52
252,Henties Bay,NA,2021-10-16 13:47:28,-22.116,14.2845,66.85,68,0,18.79
253,Saint George,US,2021-10-16 13:47:29,37.1041,-113.5841,59.47,65,1,0.0
254,Do Gonbadan,IR,2021-10-16 13:47:29,30.3586,50.7981,95.09,14,0,6.91
255,Abhar,IR,2021-10-16 13:47:30,36.1468,49.218,67.01,39,9,6.17
256,The Valley,AI,2021-10-16 13:47:30,18.217,-63.0578,87.66,84,20,5.75
257,Garoua,CM,2021-10-16 13:47:30,9.3,13.4,90.21,48,100,2.46
258,Mozarlandia,BR,2021-10-16 13:47:31,-14.7447,-50.5706,94.82,31,100,6.42
259,Talnakh,RU,2021-10-16 13:47:31,69.4865,88.3972,22.87,97,88,10.69
260,Chiang Kham,TH,2021-10-16 13:47:32,19.5233,100.3,76.05,98,100,2.17
261,Hofn,IS,2021-10-16 13:43:28,64.2539,-15.2082,37.45,69,100,9.44
262,Benghazi,LY,2021-10-16 13:47:32,32.1167,20.0667,73.9,53,56,18.9
263,Gambela,ET,2021-10-16 13:47:32,8.25,34.5833,86.2,65,85,3.74
264,Saldanha,ZA,2021-10-16 13:47:33,-33.0117,17.9442,64.45,63,30,18.05
265,Cururupu,BR,2021-10-16 13:47:33,-1.8283,-44.8683,87.71,61,75,8.48
266,Sorong,ID,2021-10-16 13:47:34,-0.8833,131.25,82.51,82,100,12.46
267,Ostrovnoy,RU,2021-10-16 13:47:34,68.0531,39.5131,37.45,96,100,12.93
268,Aguimes,ES,2021-10-16 13:47:35,27.9054,-15.4461,82.65,70,0,16.11
269,Urucara,BR,2021-10-16 13:47:35,-2.5364,-57.76,98.22,30,63,5.64
270,Coihaique,CL,2021-10-16 13:45:02,-45.5752,-72.0662,49.95,53,75,9.22
271,Gizo,SB,2021-10-16 13:47:35,-8.103,156.8419,82.06,77,100,6.04
272,Lithakia,GR,2021-10-16 13:47:36,37.7167,20.8333,67.42,68,40,13.8
273,Santander Jimenez,MX,2021-10-16 13:47:36,24.2167,-98.4667,70.45,87,100,18.84
274,Port Lincoln,AU,2021-10-16 13:47:37,-34.7333,135.8667,52.48,76,36,4.65
275,Alberton,CA,2021-10-16 13:47:37,46.8168,-64.0654,57.33,79,99,8.63
276,Nalut,LY,2021-10-16 13:47:38,30.3333,10.85,75.6,12,29,1.9
277,Port Elizabeth,ZA,2021-10-16 13:47:38,-33.918,25.5701,66.49,42,0,31.07
278,Ishigaki,JP,2021-10-16 13:47:39,24.3448,124.1572,81.68,69,1,9.53
279,Mitsamiouli,KM,2021-10-16 13:47:39,-11.3847,43.2844,80.89,65,75,11.5
280,Torzhok,RU,2021-10-16 13:47:40,57.0436,34.9622,43.83,72,11,8.95
281,Mnogovershinnyy,RU,2021-10-16 13:47:40,53.9353,139.9242,24.87,94,100,6.51
282,Burdur,TR,2021-10-16 13:47:41,37.7203,30.2908,68.52,63,75,6.91
283,Saint-Augustin,CA,2021-10-16 13:47:41,51.226,-58.6502,46.0,70,27,17.25
284,Adrar,MR,2021-10-16 13:44:43,20.5022,-10.0711,98.96,10,98,10.2
285,Kumla,SE,2021-10-16 13:43:35,59.1277,15.1434,53.82,47,20,16.11
286,Idil,TR,2021-10-16 13:47:42,37.3411,41.8895,80.04,19,37,8.63
287,Zarand,IR,2021-10-16 13:47:43,30.8127,56.564,67.71,20,0,8.95
288,Gat,IL,2021-10-16 13:44:07,31.61,34.7642,84.4,33,75,11.77
289,Buchanan,LR,2021-10-16 13:47:43,5.8808,-10.0467,87.76,73,100,7.05
290,Polunochnoye,RU,2021-10-16 13:47:44,60.8697,60.4153,41.16,84,100,8.28
291,Basar,IN,2021-10-16 13:47:44,27.9833,94.6667,74.21,79,26,1.54
292,Lahaina,US,2021-10-16 13:47:44,20.8783,-156.6825,74.95,96,2,9.15
293,Lorengau,PG,2021-10-16 13:47:45,-2.0226,147.2712,81.93,83,35,9.71
294,Rajaldesar,IN,2021-10-16 13:47:45,28.0333,74.4667,87.06,18,0,6.96
295,Pozo Colorado,PY,2021-10-16 13:47:46,-23.4923,-58.7972,64.9,73,100,7.07
296,Penzance,GB,2021-10-16 13:47:46,50.1186,-5.5371,60.87,88,40,17.27
297,Chincha Alta,PE,2021-10-16 13:43:58,-13.4099,-76.1323,63.19,69,68,4.16
298,Mahajanga,MG,2021-10-16 13:47:47,-15.7167,46.3167,87.82,45,20,18.41
299,Pisco,PE,2021-10-16 13:47:47,-13.7,-76.2167,65.01,77,0,10.36
300,Yeppoon,AU,2021-10-16 13:44:12,-23.1333,150.7333,65.98,49,0,4.47
301,Ambon,ID,2021-10-16 13:47:48,-3.6954,128.1814,78.94,89,20,8.05
302,Sur,OM,2021-10-16 13:47:48,22.5667,59.5289,83.26,66,0,12.28
303,Vastseliina,EE,2021-10-16 13:47:49,57.7303,27.2932,48.85,60,45,12.68
304,Barra Do Bugres,BR,2021-10-16 13:47:49,-15.0725,-57.1811,70.16,88,100,6.17
305,Johnstown,US,2021-10-16 13:45:36,40.3267,-78.922,68.52,92,90,14.97
306,Vostok,RU,2021-10-16 13:47:50,46.4856,135.8833,20.41,82,98,11.74
307,Lipin Bor,RU,2021-10-16 13:47:50,60.2622,37.9763,44.24,72,60,15.08
308,Shelburne,CA,2021-10-16 13:42:53,44.0787,-80.2041,52.29,98,99,9.51
309,Rawson,AR,2021-10-16 13:47:50,-43.3002,-65.1023,60.85,34,13,18.61
310,College,US,2021-10-16 13:47:51,64.8569,-147.8028,28.35,91,90,3.44
311,Bagting,PH,2021-10-16 13:47:51,15.5558,121.2451,75.09,95,22,4.7
312,Jumla,NP,2021-10-16 13:47:51,29.2747,82.1838,56.14,66,0,4.54
313,Agde,FR,2021-10-16 13:47:52,43.3108,3.4758,73.89,60,0,4.0
314,Kandete,TZ,2021-10-16 13:47:52,-9.15,33.8,75.78,44,59,3.42
315,Port Blair,IN,2021-10-16 13:47:53,11.6667,92.75,80.44,87,100,13.18
316,San Cristobal,VE,2021-10-16 13:47:53,7.7669,-72.225,69.98,54,60,1.3
317,Souillac,MU,2021-10-16 13:47:53,-20.5167,57.5167,77.38,65,75,16.11
318,Neklyudovo,RU,2021-10-16 13:47:54,56.4114,43.9814,53.58,59,100,15.75
319,Aklavik,CA,2021-10-16 13:47:54,68.2191,-135.0107,23.0,93,90,3.44
320,Challans,FR,2021-10-16 13:47:54,46.8436,-1.8749,67.96,44,50,7.25
321,Moron,AR,2021-10-16 13:47:55,-34.6534,-58.6198,66.02,34,0,4.0
322,Wodonga,AU,2021-10-16 13:47:55,-36.1167,146.8833,48.2,87,0,8.05
323,Kruisfontein,ZA,2021-10-16 13:47:56,-34.0033,24.7314,58.64,63,3,35.66
324,Tura,IN,2021-10-16 13:47:56,25.5198,90.2201,76.6,94,100,2.95
325,Merrill,US,2021-10-16 13:47:56,45.1805,-89.6835,44.02,82,40,8.05
326,Santa Teresa,VE,2021-10-16 13:47:57,10.2341,-66.6631,84.42,72,26,0.76
327,Jalu,LY,2021-10-16 13:47:57,29.0331,21.5482,82.65,27,0,12.12
328,Farmington,US,2021-10-16 13:47:58,36.7281,-108.2187,31.39,69,1,6.91
329,Puerto Narino,CO,2021-10-16 13:47:58,-3.7703,-70.3831,78.75,72,100,2.57
330,Channel-Port Aux Basques,CA,2021-10-16 13:46:03,47.5702,-59.1367,52.74,77,29,15.14
331,Sao Filipe,CV,2021-10-16 13:47:59,14.8961,-24.4956,79.88,75,100,9.8
332,Port Hardy,CA,2021-10-16 13:43:38,50.6996,-127.4199,50.18,93,90,2.3
333,Lundamo,NO,2021-10-16 13:47:59,63.1333,10.3,39.69,77,77,15.05
334,Havre-Saint-Pierre,CA,2021-10-16 13:48:00,50.2334,-63.5986,48.2,81,1,12.66
335,Maputo,MZ,2021-10-16 13:48:00,-25.9653,32.5892,89.28,71,0,1.99
336,Fort Nelson,CA,2021-10-16 13:48:00,58.8053,-122.7002,24.39,86,1,3.44
337,Tateyama,JP,2021-10-16 13:48:01,34.9833,139.8667,73.09,85,5,24.0
338,Guatire,VE,2021-10-16 13:48:02,10.4762,-66.5427,82.2,85,22,2.86
339,Bayir,TR,2021-10-16 13:48:02,37.2687,28.2167,68.83,67,51,7.92
340,Half Moon Bay,US,2021-10-16 13:48:03,37.4636,-122.4286,64.76,52,1,0.0
341,Sept-Iles,CA,2021-10-16 13:48:04,50.2001,-66.3821,48.06,84,75,8.99
342,Jatiwangi,ID,2021-10-16 13:48:04,-6.7336,108.2628,82.26,70,91,3.04
343,Labuan,MY,2021-10-16 13:48:04,5.2767,115.2417,86.11,78,20,1.01
344,Bo Rai,TH,2021-10-16 13:48:05,12.5728,102.5371,82.85,91,90,0.51
345,Margarita,PA,2021-10-16 13:48:05,9.3314,-79.8889,79.11,88,100,1.99
346,Prince Rupert,CA,2021-10-16 13:47:11,54.3161,-130.3201,42.49,88,40,2.3
347,Turukhansk,RU,2021-10-16 13:48:06,65.8167,87.9833,34.99,95,100,12.53
348,Jacqueville,CI,2021-10-16 13:48:06,5.2052,-4.4146,85.91,79,22,10.07
349,Jinchang,CN,2021-10-16 13:48:07,38.4953,102.1739,45.75,32,5,8.19
350,Navalgund,IN,2021-10-16 13:48:07,15.5667,75.3667,81.52,58,100,5.91
351,Karasjok,NO,2021-10-16 13:48:07,69.4719,25.5112,37.51,96,100,20.74
352,Hammerfest,NO,2021-10-16 13:48:08,70.6634,23.6821,37.85,87,75,9.22
353,Corning,US,2021-10-16 13:45:04,42.1428,-77.0547,69.84,89,90,13.8
354,Khash,IR,2021-10-16 13:48:08,28.2211,61.2158,67.32,8,0,10.63
355,Shitanjing,CN,2021-10-16 13:48:09,39.2342,106.3439,43.3,32,0,9.35
356,Rockport,US,2021-10-16 13:48:09,28.0206,-97.0544,68.04,57,90,5.01
357,Mount Isa,AU,2021-10-16 13:48:10,-20.7333,139.5,62.37,42,0,3.44
358,Osmaniye,TR,2021-10-16 13:48:10,37.0742,36.2478,76.53,62,0,8.95
359,Alekseyevka,RU,2021-10-16 13:48:10,50.6309,38.6903,55.8,44,100,3.74
360,Bathsheba,BB,2021-10-16 13:48:11,13.2167,-59.5167,86.61,74,40,11.5
361,Mirpur Khas,PK,2021-10-16 13:46:42,25.5251,69.0159,86.47,13,0,7.23
362,Mulanje,MW,2021-10-16 13:48:11,-16.0316,35.5,95.14,31,51,5.99
363,Tanout,NE,2021-10-16 13:48:12,14.9709,8.8879,81.95,49,100,21.05
364,Jandaia Do Sul,BR,2021-10-16 13:48:12,-23.6031,-51.6433,74.23,84,100,1.36
365,Nerchinskiy Zavod,RU,2021-10-16 13:48:13,51.3088,119.61,14.81,83,96,5.21
366,Kunhegyes,HU,2021-10-16 13:48:13,47.3667,20.6333,60.78,50,95,6.13
367,Los Llanos De Aridane,ES,2021-10-16 13:48:14,28.6585,-17.9182,73.15,86,20,5.75
368,Bucerias,MX,2021-10-16 13:46:51,20.75,-105.3333,77.99,78,75,2.3
369,Caramay,PH,2021-10-16 13:48:14,10.1815,119.236,80.46,83,100,0.96
370,Cidreira,BR,2021-10-16 13:48:15,-30.1811,-50.2056,63.07,89,100,12.35
371,Pandhurna,IN,2021-10-16 13:48:15,21.6,78.5167,76.03,84,100,5.82
372,Xiamen,CN,2021-10-16 13:48:15,24.4798,118.0819,80.65,69,20,26.84
373,Vila Velha,BR,2021-10-16 13:48:16,-20.3297,-40.2925,87.75,55,40,18.41
374,Hirara,JP,2021-10-16 13:48:16,24.8,125.2833,80.65,74,1,9.44
375,Kamennomostskoye,RU,2021-10-16 13:48:16,43.7372,43.0514,58.53,84,7,4.25
376,Grootfontein,NA,2021-10-16 13:48:17,-19.5667,18.1167,91.24,8,10,1.95
377,Lazaro Cardenas,MX,2021-10-16 13:45:52,17.9583,-102.2,79.86,86,92,3.71
378,Ladovskaya Balka,RU,2021-10-16 13:48:17,45.6297,41.4023,68.25,44,100,6.6
379,Kutum,SD,2021-10-16 13:48:18,14.2,24.6667,90.72,11,1,18.61
380,Witu,KE,2021-10-16 13:48:18,-2.3889,40.4382,84.36,55,5,11.99
381,Walvis Bay,NA,2021-10-16 13:48:19,-22.9575,14.5053,67.08,55,0,29.19
382,Salinas,US,2021-10-16 13:48:19,36.6777,-121.6555,64.58,43,1,8.05
383,Kimbe,PG,2021-10-16 13:48:20,-5.5502,150.1429,77.2,92,68,3.94
384,Rajapur,IN,2021-10-16 13:48:20,25.3833,81.15,85.32,59,99,6.53
385,Shingu,JP,2021-10-16 13:48:20,33.7333,135.9833,70.23,90,26,5.48
386,Askino,RU,2021-10-16 13:48:21,56.0901,56.5783,42.91,64,24,7.05
387,Tuy Hoa,VN,2021-10-16 13:48:21,13.0833,109.3,76.37,94,100,3.8
388,Ranong,TH,2021-10-16 13:48:21,9.9658,98.6348,76.93,84,84,5.7
389,Innisfail,AU,2021-10-16 13:48:22,-17.5333,146.0333,72.21,61,6,3.69
390,Sobolevo,RU,2021-10-16 13:48:22,54.4299,31.8996,47.05,68,66,7.94
391,Terrace,CA,2021-10-16 13:48:22,54.5163,-128.6035,39.11,100,90,8.05
392,Dzhebariki-Khaya,RU,2021-10-16 13:48:23,62.2167,135.8,9.97,98,89,1.74
393,Diffa,NE,2021-10-16 13:48:23,13.3154,12.6113,91.53,40,100,9.57
394,Apartado,CO,2021-10-16 13:44:42,7.883,-76.6259,77.29,93,99,5.61
395,Sisimiut,GL,2021-10-16 13:48:24,66.9395,-53.6735,31.15,60,0,9.84
396,Guerrero Negro,MX,2021-10-16 13:48:24,27.9769,-114.0611,66.54,54,0,3.29
397,Faya,SA,2021-10-16 13:48:24,18.3851,42.4509,78.91,13,2,15.43
398,Kamaishi,JP,2021-10-16 13:48:25,39.2667,141.8833,57.02,95,100,5.39
399,Nioro,GM,2021-10-16 13:48:26,13.35,-15.75,92.88,47,18,5.23
400,Thompson,CA,2021-10-16 13:48:26,55.7435,-97.8558,33.96,100,90,6.91
401,Narasannapeta,IN,2021-10-16 13:48:26,18.4167,84.05,79.68,86,100,0.47
402,Galle,LK,2021-10-16 13:48:27,6.0367,80.217,80.6,83,99,16.2
403,Salalah,OM,2021-10-16 13:48:27,17.0151,54.0924,82.49,78,0,8.05
404,Konya,TR,2021-10-16 13:48:27,38.1667,32.5,69.28,22,1,17.22
405,Muros,ES,2021-10-16 13:48:28,42.7762,-9.0603,64.24,91,100,8.3
406,Chiredzi,ZW,2021-10-16 13:48:28,-21.05,31.6667,104.45,9,0,7.54
407,Padang,ID,2021-10-16 13:48:28,-0.9492,100.3543,80.65,84,100,2.95
408,Aleksandrov Gay,RU,2021-10-16 13:48:29,50.147,48.5704,53.11,50,56,8.86
409,North Myrtle Beach,US,2021-10-16 13:45:05,33.816,-78.68,79.11,78,1,1.01
410,Barranca,PE,2021-10-16 13:48:29,-10.75,-77.7667,63.09,84,97,6.26
411,Liepaja,LV,2021-10-16 13:48:30,56.5419,21.0367,53.65,71,75,21.85
412,Eyl,SO,2021-10-16 13:48:30,7.9803,49.8164,83.44,71,4,18.66
413,Myanaung,MM,2021-10-16 13:48:31,18.2833,95.3167,75.18,97,100,6.67
414,Nhlangano,SZ,2021-10-16 13:48:31,-27.1167,31.2,77.23,53,36,19.01
415,Letlhakeng,BW,2021-10-16 13:48:31,-24.0944,25.0298,91.09,9,4,16.33
416,Ballina,AU,2021-10-16 13:48:32,-28.8667,153.5667,59.18,67,2,2.3
417,Freeport,US,2021-10-16 13:47:39,40.6576,-73.5832,73.11,75,1,11.99
418,Matagami,CA,2021-10-16 13:48:32,49.7502,-77.6328,51.91,100,90,3.44
419,Sibut,CF,2021-10-16 13:48:33,5.718,19.0739,86.72,58,48,4.05
420,Korla,CN,2021-10-16 13:48:33,41.7597,86.1469,54.37,32,6,3.51
421,Puerto Del Rosario,ES,2021-10-16 13:48:33,28.5004,-13.8627,76.75,73,20,8.05
422,Northam,GB,2021-10-16 13:48:34,51.0333,-4.2167,64.02,73,89,9.98
423,Manado,ID,2021-10-16 13:48:34,1.487,124.8455,77.77,88,20,1.14
424,Sao Joao Da Barra,BR,2021-10-16 13:48:35,-21.6403,-41.0511,84.29,80,100,9.37
425,Myski,RU,2021-10-16 13:48:35,53.709,87.8014,36.64,76,11,1.83
426,Iranshahr,IR,2021-10-16 13:48:35,27.2025,60.6848,91.74,6,0,13.8
427,Molina,CL,2021-10-16 13:47:32,-35.1167,-71.2833,55.36,100,0,9.22
428,Dingle,PH,2021-10-16 13:48:36,10.9995,122.6711,77.22,90,88,3.18
429,Kagalnik,RU,2021-10-16 13:48:36,47.0769,39.323,66.72,35,100,8.99
430,Nongan,CN,2021-10-16 13:48:37,44.382,125.1685,29.59,35,3,9.73
431,San Antonio,US,2021-10-16 13:45:56,29.4241,-98.4936,62.35,60,1,6.91
432,Teya,RU,2021-10-16 13:48:37,60.3778,92.6267,35.74,99,100,2.64
433,Revelstoke,CA,2021-10-16 13:43:58,50.9832,-118.2023,44.62,87,90,5.75
434,Vityazevo,RU,2021-10-16 13:48:38,44.9931,37.2719,66.61,72,20,4.47
435,Savannakhet,LA,2021-10-16 13:48:39,16.566,104.751,69.03,91,99,10.38
436,Puerto Escondido,MX,2021-10-16 13:48:39,15.85,-97.0667,80.13,76,96,4.03
437,Verkhnevilyuysk,RU,2021-10-16 13:48:40,63.4453,120.3167,16.3,91,91,3.4
438,Kununurra,AU,2021-10-16 13:48:40,-15.7667,128.7333,82.38,69,16,8.05
439,Maceio,BR,2021-10-16 13:44:20,-9.6658,-35.7353,83.64,78,75,3.44
440,Antsla,EE,2021-10-16 13:48:41,57.8256,26.5406,48.67,61,76,13.0
441,Mayo,US,2021-10-16 13:48:41,38.8876,-76.5119,73.94,83,1,4.0
442,Qaqortoq,GL,2021-10-16 13:48:42,60.7167,-46.0333,30.7,54,1,2.86
443,Bubaque,GW,2021-10-16 13:48:42,11.2833,-15.8333,82.89,71,2,5.08
444,Bairiki,KI,2021-10-16 13:48:42,1.3292,172.9752,80.6,74,20,9.22
445,Mackenzie,CA,2021-10-16 13:48:43,55.2999,-123.1698,35.82,93,90,3.44
446,Bengkulu,ID,2021-10-16 13:48:43,-3.8004,102.2655,79.16,84,100,4.65
447,Orlik,RU,2021-10-16 13:48:44,52.5178,99.825,26.62,59,18,2.37
448,Asau,RO,2021-10-16 13:48:44,46.4333,26.4,52.39,69,100,3.27
449,Tiznit,MA,2021-10-16 13:47:52,29.5833,-9.5,88.48,17,17,13.71
450,Manggar,ID,2021-10-16 13:48:45,-2.8833,108.2667,82.6,79,100,6.13
451,Grand Gaube,MU,2021-10-16 13:48:45,-20.0064,57.6608,77.4,74,43,5.01
452,Yavaros,MX,2021-10-16 13:48:45,26.7,-109.5167,75.88,49,48,6.29
453,San Andres,CO,2021-10-16 13:44:43,12.5847,-81.7006,84.22,79,40,8.05
454,Emerald,AU,2021-10-16 13:48:46,-23.5333,148.1667,69.94,19,0,4.61
455,Santa Cecilia,BR,2021-10-16 13:48:46,-26.9608,-50.4269,57.92,85,96,3.83
456,Nizhnyaya Poyma,RU,2021-10-16 13:48:47,56.1622,97.1933,31.24,67,93,3.4
457,Kuching,MY,2021-10-16 13:48:47,1.55,110.3333,77.22,94,40,3.44
458,Hovd,MN,2021-10-16 13:48:48,48.0056,91.6419,34.88,48,95,0.78
459,Santiago De Las Vegas,CU,2021-10-16 13:48:48,22.97,-82.3869,74.82,100,20,1.14
460,Nampula,MZ,2021-10-16 13:48:49,-15.1165,39.2666,93.15,27,40,12.66
461,Batemans Bay,AU,2021-10-16 13:48:49,-35.7167,150.1833,53.1,76,2,3.89
462,Hay River,CA,2021-10-16 13:45:33,60.8156,-115.7999,31.98,74,20,6.91
463,Zhigansk,RU,2021-10-16 13:48:50,66.7697,123.3711,12.43,94,97,8.59
464,Porto Novo,BJ,2021-10-16 13:48:50,6.4965,2.6036,87.62,67,57,11.39
465,Xining,CN,2021-10-16 13:48:51,36.6167,101.7667,41.0,75,23,0.96
466,Nome,US,2021-10-16 13:48:51,64.5011,-165.4064,28.47,70,90,6.91
467,Kolo,PL,2021-10-16 13:48:51,52.2002,18.6387,52.99,54,82,13.04
468,Nokaneng,BW,2021-10-16 13:48:52,-19.6667,22.2667,100.76,6,0,8.88
469,Porangatu,BR,2021-10-16 13:48:52,-13.4408,-49.1486,83.62,55,100,2.53
470,Tigre,AR,2021-10-16 13:48:53,-34.426,-58.5796,66.29,34,0,8.05
471,Katsuura,JP,2021-10-16 13:48:53,35.1333,140.3,74.19,87,40,24.7
472,Monrovia,LR,2021-10-16 13:48:54,6.3005,-10.7969,87.57,65,55,6.44
473,Pointe Michel,DM,2021-10-16 13:48:54,15.25,-61.3833,88.09,74,20,3.44
474,Manitouwadge,CA,2021-10-16 13:48:54,49.1215,-85.8403,39.92,83,71,4.85
475,Zambezi,ZM,2021-10-16 13:48:55,-13.5432,23.1047,98.49,15,93,8.12
476,Esperance,AU,2021-10-16 13:48:55,-33.8667,121.9,62.44,61,100,12.93
477,Astoria,US,2021-10-16 13:48:55,46.1879,-123.8313,58.91,81,90,5.75
478,Aguada De Pasajeros,CU,2021-10-16 13:48:56,22.385,-80.8508,75.34,77,0,5.01
479,Santa Cruz De Tenerife,ES,2021-10-16 13:48:56,28.4682,-16.2546,85.6,58,0,5.01
480,Mount Gambier,AU,2021-10-16 13:48:57,-37.8333,140.7667,48.11,93,90,3.44
481,Fairbanks,US,2021-10-16 13:48:57,64.8378,-147.7164,28.36,91,90,0.0
482,Iquique,CL,2021-10-16 13:44:49,-20.2208,-70.1431,62.64,65,0,7.31
483,Burlington,US,2021-10-16 13:46:23,39.8835,-74.6413,73.83,83,1,7.0
484,Edd,ER,2021-10-16 13:48:58,13.9297,41.6925,90.16,56,32,11.41
485,Matara,LK,2021-10-16 13:48:58,5.9485,80.5353,79.41,86,88,14.43
486,Namwala,ZM,2021-10-16 13:48:59,-15.7504,26.4384,100.11,8,1,3.02
487,Muroto,JP,2021-10-16 13:48:59,33.2833,134.15,75.92,80,51,7.58
488,Contai,IN,2021-10-16 13:49:00,21.7786,87.7536,81.54,85,100,6.55
489,Viseu,PT,2021-10-16 13:46:37,40.661,-7.9097,67.86,52,100,3.15
490,Chumikan,RU,2021-10-16 13:49:00,54.7183,135.315,26.42,59,100,9.57
491,Nador,MA,2021-10-16 13:49:01,35.174,-2.9287,84.27,60,0,4.61
492,Pilar,BR,2021-10-16 13:44:13,-9.5972,-35.9567,82.33,59,84,13.69
493,Isangel,VU,2021-10-16 13:49:01,-19.55,169.2667,75.88,91,100,5.88
494,Clyde River,CA,2021-10-16 13:49:02,70.4692,-68.5914,25.03,86,90,2.3
495,Flinders,AU,2021-10-16 13:49:02,-34.5833,150.8552,58.28,75,1,6.51
496,Havelock,US,2021-10-16 13:49:03,34.8791,-76.9013,77.95,87,6,3.0
497,Provost,CA,2021-10-16 13:49:03,52.3501,-110.2683,31.42,61,21,4.07
498,Waingapu,ID,2021-10-16 13:49:04,-9.6567,120.2641,81.57,82,19,1.79
499,Cocal,BR,2021-10-16 13:49:04,-28.6167,-49.35,68.32,73,100,7.2
500,Wanaka,NZ,2021-10-16 13:49:04,-44.7,169.15,41.58,88,100,7.0
501,Sidney,AU,2021-10-16 13:44:28,-33.8679,151.2073,58.44,62,0,1.01
502,Chistogorskiy,RU,2021-10-16 13:49:05,53.9835,87.3843,37.02,66,2,2.19
503,Los Alamos,US,2021-10-16 13:49:05,35.8881,-106.307,38.05,43,1,5.75
504,Huarmey,PE,2021-10-16 13:49:06,-10.0681,-78.1522,66.31,80,86,8.63
505,Dmitriyevka,RU,2021-10-16 13:49:06,54.75,55.3333,44.15,48,3,5.77
506,Petrozavodsk,RU,2021-10-16 13:49:06,61.7849,34.3469,42.26,56,17,17.9
507,Ust-Maya,RU,2021-10-16 13:49:07,60.4167,134.5333,17.22,82,57,3.13
508,Gimli,CA,2021-10-16 13:49:07,50.6336,-96.9907,39.22,75,2,6.91
509,Sault Sainte Marie,CA,2021-10-16 13:45:29,46.5168,-84.3333,50.29,93,90,3.44
510,Hun,LY,2021-10-16 13:49:08,29.1268,15.9477,77.72,25,0,4.5
511,Broome,US,2021-10-16 13:49:08,42.2506,-75.833,70.77,88,90,8.99
512,Chiang Klang,TH,2021-10-16 13:49:09,19.2938,100.8617,72.01,98,100,2.33
513,Codrington,AU,2021-10-16 13:49:09,-38.2667,141.9667,50.74,85,100,6.87
514,Orocue,CO,2021-10-16 13:49:09,4.7912,-71.3354,86.2,70,82,3.4
515,Metro,ID,2021-10-16 13:49:10,-5.1131,105.3067,79.43,84,99,6.53
516,Nizhniy Ingash,RU,2021-10-16 13:49:10,56.2,96.53,31.33,66,89,3.49
517,Gubkinskiy,RU,2021-10-16 13:49:11,64.434,76.5026,41.43,87,100,16.46
518,Rocha,UY,2021-10-16 13:49:11,-34.4833,-54.3333,58.55,46,0,8.57
519,Carira,BR,2021-10-16 13:49:11,-10.3608,-37.7011,85.19,48,84,15.12
520,Manta,EC,2021-10-16 13:49:12,-0.95,-80.7333,74.98,83,40,4.61
521,Mehamn,NO,2021-10-16 13:49:12,71.0357,27.8492,39.27,84,100,24.52
522,Itaituba,BR,2021-10-16 13:49:13,-4.2761,-55.9836,89.76,62,100,5.75
523,Cartagena,CO,2021-10-16 13:49:13,10.3997,-75.5144,80.22,89,75,6.91
524,Urubicha,BO,2021-10-16 13:49:13,-15.3833,-62.95,72.82,54,100,4.54
525,Kaduna,NG,2021-10-16 13:49:14,10.5222,7.4383,90.82,31,31,4.16
526,Maniitsoq,GL,2021-10-16 13:49:14,65.4167,-52.9,35.91,54,0,6.62
527,Iskateley,RU,2021-10-16 13:49:14,67.6803,53.1512,37.51,98,100,8.61
528,Severnyy,RU,2021-10-16 13:49:15,50.677,36.5532,53.64,54,0,0.0
529,Narayanavanam,IN,2021-10-16 13:49:15,13.4167,79.5833,82.18,77,94,5.08
530,Rorvik,NO,2021-10-16 13:49:16,64.8621,11.2373,45.12,60,100,23.15
531,Ouallam,NE,2021-10-16 13:49:16,14.3188,2.0866,102.16,8,12,5.91
532,Srednekolymsk,RU,2021-10-16 13:44:56,67.45,153.6833,6.37,98,90,5.97
533,Marsh Harbour,BS,2021-10-16 13:49:17,26.5412,-77.0636,80.24,66,19,5.35
534,Kyren,RU,2021-10-16 13:49:17,51.6828,102.1408,28.54,77,29,2.51
535,Mandalgovi,MN,2021-10-16 13:49:17,45.7625,106.2708,28.6,38,0,10.2
536,Kontagora,NG,2021-10-16 13:49:18,10.3999,5.4695,94.21,31,9,4.27
537,Yaan,NG,2021-10-16 13:49:18,7.3833,8.5667,87.37,57,60,6.46
538,Impfondo,CG,2021-10-16 13:49:18,1.6381,18.0667,88.86,52,43,3.62
539,Nagato,JP,2021-10-16 13:49:19,34.3833,131.2,65.19,80,100,23.42
540,La Ronge,CA,2021-10-16 13:49:19,55.1001,-105.2842,39.45,65,1,4.61
541,Lashio,MM,2021-10-16 13:49:20,22.9333,97.75,67.06,97,100,2.86
542,Kiblawan,PH,2021-10-16 13:49:20,6.6142,125.2367,76.64,90,100,1.25
543,Miri,MY,2021-10-16 13:49:20,4.4148,114.0089,84.34,79,40,4.61
544,Davila,PH,2021-10-16 13:49:21,18.4726,120.5763,80.8,83,52,14.2
545,Tamandare,BR,2021-10-16 13:49:21,-8.7597,-35.1047,83.08,66,46,11.77
546,San Carlos,VE,2021-10-16 13:49:22,9.6612,-68.5827,84.13,77,95,2.98
547,Marzuq,YE,2021-10-16 13:49:22,14.4,46.4667,84.42,16,21,10.76
548,Kisangani,CD,2021-10-16 13:49:22,0.5167,25.2,70.79,96,100,1.12
549,Mogadishu,SO,2021-10-16 13:49:23,2.0371,45.3438,84.07,84,40,17.27
550,Wanning,CN,2021-10-16 13:49:23,18.8003,110.3967,76.48,89,100,20.27
551,Erzin,TR,2021-10-16 13:49:23,36.9559,36.2,84.72,64,0,8.21
552,Englewood,US,2021-10-16 13:44:55,39.6478,-104.9878,49.91,39,1,3.0
553,Siderno,IT,2021-10-16 13:49:24,38.2779,16.302,71.56,53,83,11.41
554,Champerico,GT,2021-10-16 13:49:24,14.3,-91.9167,89.35,73,60,2.33
555,Mayumba,GA,2021-10-16 13:49:25,-3.432,10.6554,79.41,78,98,10.96
556,Portales,US,2021-10-16 13:49:25,34.1862,-103.3344,38.1,50,0,5.86
557,Bay-Khaak,RU,2021-10-16 13:49:25,51.1667,94.5,31.46,55,4,4.68
558,Skelleftea,SE,2021-10-16 13:49:26,64.7507,20.9528,35.01,69,90,3.0
559,Baneh,IR,2021-10-16 13:49:26,35.9975,45.8853,72.72,29,90,9.89
560,Vanderhoof,CA,2021-10-16 13:49:26,54.0166,-124.0198,41.25,96,100,1.63
561,George,ZA,2021-10-16 13:49:27,-33.963,22.4617,60.35,55,20,33.38
562,Cento,IT,2021-10-16 13:49:27,44.726,11.2882,68.86,46,10,8.05
563,Port-Gentil,GA,2021-10-16 13:49:28,-0.7193,8.7815,84.16,74,40,17.27
564,Neiafu,TO,2021-10-16 13:49:28,-18.65,-173.9833,75.88,94,75,2.3
565,Suntar,RU,2021-10-16 13:49:28,62.1444,117.6319,24.55,94,100,3.94
566,Fredericton,CA,2021-10-16 13:46:03,45.9454,-66.6656,52.84,95,90,5.75
567,Lishui,CN,2021-10-16 13:49:29,28.4604,119.9103,56.75,93,100,6.42
568,Panama City,PA,2021-10-16 13:45:57,8.9936,-79.5197,79.29,88,75,3.44
569,Zeya,RU,2021-10-16 13:49:29,53.75,127.2667,22.42,46,0,5.91
570,Macaubas,BR,2021-10-16 13:49:30,-13.0194,-42.6986,79.5,50,100,5.28
571,Leningradskiy,RU,2021-10-16 13:49:30,69.3833,178.4167,10.56,97,80,5.1
572,Chirnside,GB,2021-10-16 13:49:31,55.8022,-2.2093,48.56,87,100,3.02
573,Manicore,BR,2021-10-16 13:49:31,-5.8092,-61.3003,94.46,39,92,4.74
574,Nizhniy Kuranakh,RU,2021-10-16 13:49:32,58.8353,125.4869,12.24,89,20,4.38
575,Popovo,BG,2021-10-16 13:49:32,43.35,26.2333,54.05,96,100,4.34
576,Camopi,GF,2021-10-16 13:49:32,3.1655,-52.3158,93.04,38,16,4.99
577,Bien Hoa,VN,2021-10-16 13:49:33,10.95,106.8167,76.98,92,100,0.89
578,Upington,ZA,2021-10-16 13:49:34,-28.4478,21.2561,70.18,18,0,13.8
579,Karauli,IN,2021-10-16 13:49:34,26.5,77.0167,84.54,37,84,5.01
580,Yertsevo,RU,2021-10-16 13:49:34,60.7966,40.086,42.6,80,100,8.86
581,Nanortalik,GL,2021-10-16 13:49:35,60.1432,-45.2371,42.85,55,12,5.03
582,Dodge City,US,2021-10-16 13:49:35,37.7528,-100.0171,41.25,59,1,5.99
583,Bonfim,BR,2021-10-16 13:49:35,3.0833,-59.95,91.89,36,29,5.12
584,Natal,BR,2021-10-16 13:49:36,-5.795,-35.2094,88.02,58,40,17.27
585,Novo Cruzeiro,BR,2021-10-16 13:49:36,-17.4681,-41.8753,85.35,37,99,5.03
586,Cabedelo,BR,2021-10-16 13:49:37,-6.9811,-34.8339,86.67,59,29,14.38
587,Isla Vista,US,2021-10-16 13:49:37,34.4133,-119.861,72.43,18,0,4.59
588,Oranjemund,NA,2021-10-16 13:49:38,-28.55,16.4333,60.85,53,4,23.38
589,Kudahuvadhoo,MV,2021-10-16 13:49:38,2.6708,72.8944,82.92,78,100,24.92
590,Ozernovskiy,RU,2021-10-16 13:49:39,51.5,156.5167,40.57,63,100,21.36
