City_ID,City,Country,Date,Lat,Lng,Max Temp,Humidity,Cloudiness,Wind Speed,Current Description
0,Busselton,AU,2021-10-19 15:56:41,-33.65,115.3333,55.09,81,100,28.81,overcast clouds
1,Tuatapere,NZ,2021-10-19 15:57:51,-46.1333,167.6833,40.33,72,71,3.85,broken clouds
2,Puerto Ayora,EC,2021-10-19 15:57:49,-0.7393,-90.3518,75.16,79,72,9.48,broken clouds
3,Kaitangata,NZ,2021-10-19 15:54:34,-46.2817,169.8464,42.93,72,21,8.34,few clouds
4,Clyde River,CA,2021-10-19 15:57:23,70.4692,-68.5914,37.63,70,75,16.11,broken clouds
5,Cidreira,BR,2021-10-19 15:54:00,-30.1811,-50.2056,66.07,60,2,9.91,clear sky
6,Provideniya,RU,2021-10-19 15:57:04,64.3833,-173.3,31.62,94,100,9.71,overcast clouds
7,Curillo,CO,2021-10-19 16:02:44,1.0333,-75.9191,90.16,53,58,0.67,broken clouds
8,Saint-Philippe,RE,2021-10-19 15:56:59,-21.3585,55.7679,75.22,80,75,9.31,broken clouds
9,Punta Arenas,CL,2021-10-19 15:53:11,-53.15,-70.9167,51.91,58,75,9.22,broken clouds
10,Lompoc,US,2021-10-19 15:57:21,34.6391,-120.4579,64.09,71,0,10.0,clear sky
11,Luocheng,CN,2021-10-19 16:02:44,29.3848,104.0286,55.45,92,100,2.3,overcast clouds
12,Atuona,PF,2021-10-19 15:56:47,-9.8,-139.0333,77.59,77,37,21.63,light rain
13,Chuy,UY,2021-10-19 15:56:58,-33.6971,-53.4616,66.96,54,7,7.94,clear sky
14,Avarua,CK,2021-10-19 15:56:49,-21.2078,-159.775,64.45,94,83,2.3,broken clouds
15,Mataura,NZ,2021-10-19 15:53:27,-46.1927,168.8643,39.29,70,94,2.91,overcast clouds
16,Hermanus,ZA,2021-10-19 15:56:45,-34.4187,19.2345,67.8,63,0,16.44,clear sky
17,Mangan,IN,2021-10-19 16:02:45,27.5167,88.5333,70.45,94,100,0.98,overcast clouds
18,Esperance,AU,2021-10-19 15:57:03,-33.8667,121.9,62.44,54,75,25.77,broken clouds
19,Loandjili,CG,2021-10-19 16:02:46,-4.7561,11.8578,78.12,79,100,9.51,overcast clouds
20,Ekhabi,RU,2021-10-19 16:02:46,53.5102,142.9671,21.94,81,30,10.45,scattered clouds
21,Lithakia,GR,2021-10-19 16:02:46,37.7167,20.8333,69.22,73,20,3.44,few clouds
22,Bluff,NZ,2021-10-19 15:53:23,-46.6,168.3333,47.21,59,73,12.15,broken clouds
23,Pafos,CY,2021-10-19 16:02:46,34.7667,32.4167,73.31,65,54,7.47,broken clouds
24,Fortuna,US,2021-10-19 15:58:03,40.5982,-124.1573,54.99,69,1,5.01,clear sky
25,Port Alfred,ZA,2021-10-19 15:56:23,-33.5906,26.891,63.63,69,0,14.97,clear sky
26,Cape Town,ZA,2021-10-19 15:53:20,-33.9258,18.4232,72.01,53,0,3.0,clear sky
27,Dikson,RU,2021-10-19 15:55:57,73.5069,80.5464,27.03,57,100,13.73,overcast clouds
28,Chokurdakh,RU,2021-10-19 15:56:51,70.6333,147.9167,-7.83,98,100,6.46,overcast clouds
29,Vysokaya Gora,RU,2021-10-19 16:02:47,55.9128,49.3017,35.13,59,100,7.29,overcast clouds
30,North Adams,US,2021-10-19 16:02:48,42.7009,-73.1087,57.04,53,1,12.66,clear sky
31,Arraial Do Cabo,BR,2021-10-19 15:56:13,-22.9661,-42.0278,69.76,94,90,10.36,mist
32,Sitka,US,2021-10-19 15:56:30,57.0531,-135.33,41.92,85,100,11.74,light rain
33,Karratha,AU,2021-10-19 15:57:57,-20.7377,116.8463,72.03,49,90,15.32,overcast clouds
34,Emerald,AU,2021-10-19 16:02:48,-23.5333,148.1667,71.35,21,3,6.51,clear sky
35,Klaksvik,FO,2021-10-19 15:57:59,62.2266,-6.589,50.92,97,100,7.18,overcast clouds
36,Nelson Bay,AU,2021-10-19 16:02:49,-32.7167,152.15,59.11,85,97,1.99,overcast clouds
37,Emba,KZ,2021-10-19 15:57:09,48.8264,58.1442,54.37,28,39,7.25,scattered clouds
38,Inta,RU,2021-10-19 16:02:49,66.0317,60.1659,32.27,98,100,8.08,light snow
39,Hailar,CN,2021-10-19 16:02:49,49.2,119.7,27.01,78,1,2.77,clear sky
40,Whitehorse,CA,2021-10-19 15:59:01,60.7161,-135.0538,33.03,55,75,13.0,broken clouds
41,Poum,NC,2021-10-19 15:53:45,-20.2333,164.0167,75.43,85,100,10.69,light rain
42,Praya,CV,2021-10-19 15:58:39,14.9215,-23.5087,91.94,35,0,17.27,clear sky
43,Namibe,AO,2021-10-19 15:56:16,-15.1961,12.1522,75.83,69,20,12.66,few clouds
44,Lebu,CL,2021-10-19 15:57:01,-37.6167,-73.65,61.0,69,0,11.52,clear sky
45,Teguldet,RU,2021-10-19 16:02:50,57.3064,88.1667,36.48,91,50,5.06,scattered clouds
46,Itarema,BR,2021-10-19 15:56:37,-2.9248,-39.9167,89.28,55,53,17.18,broken clouds
47,East London,ZA,2021-10-19 15:56:43,-33.0153,27.9116,67.14,55,0,16.11,clear sky
48,Te Anau,NZ,2021-10-19 15:59:26,-45.4167,167.7167,32.52,86,7,2.13,clear sky
49,Victoria,HK,2021-10-19 15:56:22,22.2855,114.1577,80.33,78,69,1.99,light rain
50,Svetlogorsk,BY,2021-10-19 16:02:51,52.6333,29.7333,37.89,73,32,6.04,scattered clouds
51,Baguanos,CU,2021-10-19 16:02:51,20.7517,-76.0269,85.5,58,80,11.99,broken clouds
52,Hithadhoo,MV,2021-10-19 15:53:16,-0.6,73.0833,82.81,75,63,11.7,broken clouds
53,Kodiak,US,2021-10-19 15:53:39,57.79,-152.4072,40.42,96,100,11.65,light rain
54,Kavaratti,IN,2021-10-19 15:56:39,10.5669,72.642,82.15,74,84,10.42,broken clouds
55,La Ronge,CA,2021-10-19 16:00:04,55.1001,-105.2842,35.46,68,7,4.03,clear sky
56,Wuwei,CN,2021-10-19 16:02:52,37.9281,102.6414,40.91,67,98,3.06,overcast clouds
57,Kabo,CF,2021-10-19 16:02:52,7.6994,18.629,79.5,86,74,3.22,light rain
58,Hobart,AU,2021-10-19 15:56:18,-42.8794,147.3294,42.06,83,63,1.01,broken clouds
59,Albany,US,2021-10-19 15:55:16,42.6001,-73.9662,59.45,58,7,4.0,clear sky
60,Vaini,TO,2021-10-19 15:56:52,-21.2,-175.2,71.76,88,20,8.05,few clouds
61,Kahului,US,2021-10-19 15:54:08,20.8947,-156.47,74.84,81,12,5.01,few clouds
62,Koungou,YT,2021-10-19 16:02:53,-12.7336,45.2042,78.51,78,0,5.75,clear sky
63,Grand Gaube,MU,2021-10-19 16:02:53,-20.0064,57.6608,75.38,76,24,5.01,few clouds
64,San Lazaro,BZ,2021-10-19 16:02:53,18.0387,-88.6622,78.58,83,100,3.15,overcast clouds
65,Tasiilaq,GL,2021-10-19 15:56:46,65.6145,-37.6368,25.66,49,0,1.7,clear sky
66,Tuy Hoa,VN,2021-10-19 16:02:54,13.0833,109.3,77.74,92,44,5.1,scattered clouds
67,Taraz,KZ,2021-10-19 16:02:54,42.9,71.3667,63.28,38,76,8.95,broken clouds
68,Ushuaia,AR,2021-10-19 15:56:10,-54.8,-68.3,55.06,47,40,23.02,scattered clouds
69,Bowen,AU,2021-10-19 16:02:54,-20.0167,148.2333,76.48,88,51,7.76,broken clouds
70,Port Hedland,AU,2021-10-19 15:57:39,-20.3167,118.5667,77.05,78,97,10.36,overcast clouds
71,Padang,ID,2021-10-19 15:54:33,-0.9492,100.3543,77.05,87,100,4.76,overcast clouds
72,Namtsy,RU,2021-10-19 16:02:55,62.7161,129.6658,14.11,95,100,3.51,light snow
73,Hay River,CA,2021-10-19 16:02:55,60.8156,-115.7999,33.42,64,100,9.98,overcast clouds
74,Upernavik,GL,2021-10-19 15:56:42,72.7868,-56.1549,33.91,58,100,10.76,overcast clouds
75,Asau,RO,2021-10-19 16:02:56,46.4333,26.4,52.75,70,87,0.72,overcast clouds
76,Iqaluit,CA,2021-10-19 15:57:45,63.7506,-68.5145,37.13,86,90,23.0,overcast clouds
77,Turochak,RU,2021-10-19 15:58:06,52.2576,87.1224,39.07,82,15,2.57,few clouds
78,Uruzgan,AF,2021-10-19 16:02:56,32.8333,66.0,57.24,15,0,2.24,clear sky
79,Tilichiki,RU,2021-10-19 16:02:56,60.4667,166.1,10.72,91,87,8.3,overcast clouds
80,Bengkulu,ID,2021-10-19 15:58:49,-3.8004,102.2655,76.64,86,100,7.0,overcast clouds
81,Prieska,ZA,2021-10-19 15:58:10,-29.6641,22.7474,79.36,6,0,8.21,clear sky
82,Mahebourg,MU,2021-10-19 15:57:47,-20.4081,57.7,75.49,73,40,12.66,scattered clouds
83,Rikitea,PF,2021-10-19 15:53:15,-23.1203,-134.9692,74.66,72,6,21.3,clear sky
84,Qaanaaq,GL,2021-10-19 15:56:14,77.484,-69.3632,24.33,73,100,10.54,overcast clouds
85,Alexandria,EG,2021-10-19 16:02:13,31.2156,29.9553,73.67,59,41,13.65,scattered clouds
86,Vestmanna,FO,2021-10-19 15:58:05,62.1564,-7.1664,49.12,100,90,3.44,drizzle
87,Nikolskoye,RU,2021-10-19 15:56:37,59.7035,30.7861,36.01,77,40,4.27,scattered clouds
88,Bethel,US,2021-10-19 15:53:29,41.3712,-73.414,60.35,66,5,10.25,clear sky
89,Ponta Do Sol,PT,2021-10-19 15:54:51,32.6667,-17.1,84.7,58,92,3.38,overcast clouds
90,Beringovskiy,RU,2021-10-19 15:56:35,63.05,179.3167,30.65,93,100,9.84,light snow
91,Krasnozatonskiy,RU,2021-10-19 16:02:58,61.6758,50.9794,34.02,93,75,4.47,light rain
92,Beinamar,TD,2021-10-19 16:02:58,8.6698,15.3813,81.03,76,95,1.59,light rain
93,Jibuti,DJ,2021-10-19 16:02:58,11.5,42.5,82.72,53,94,10.67,overcast clouds
94,Kati,ML,2021-10-19 16:02:59,12.7441,-8.0726,96.21,36,100,7.27,overcast clouds
95,Jamestown,US,2021-10-19 15:56:01,42.097,-79.2353,61.3,60,0,14.27,clear sky
96,Darhan,MN,2021-10-19 16:02:59,49.4867,105.9228,33.42,64,3,1.99,clear sky
97,Saint-Pierre,RE,2021-10-19 15:58:54,-21.3393,55.4781,75.29,75,20,2.3,few clouds
98,Severo-Kurilsk,RU,2021-10-19 15:56:32,50.6789,156.125,39.94,83,77,16.31,broken clouds
99,Nanortalik,GL,2021-10-19 15:57:18,60.1432,-45.2371,41.49,47,74,0.29,broken clouds
100,Fiche,ET,2021-10-19 16:03:00,9.8,38.7333,50.41,56,76,6.69,broken clouds
101,Lagos,NG,2021-10-19 15:59:47,6.5833,3.75,82.72,73,60,6.51,light rain
102,Coquimbo,CL,2021-10-19 15:56:39,-29.9533,-71.3436,55.13,87,90,9.22,overcast clouds
103,Tuktoyaktuk,CA,2021-10-19 15:56:43,69.4541,-133.0374,19.4,100,90,2.3,mist
104,Remedios,CU,2021-10-19 16:03:00,22.4947,-79.5458,81.5,77,90,15.3,overcast clouds
105,Aubenas,FR,2021-10-19 16:03:01,44.6201,4.3899,65.44,71,59,5.93,broken clouds
106,Hasaki,JP,2021-10-19 15:55:59,35.7333,140.8333,55.69,87,100,9.04,light rain
107,Yulara,AU,2021-10-19 15:57:18,-25.2406,130.9889,76.84,23,6,3.44,clear sky
108,Topolobampo,MX,2021-10-19 16:03:02,25.6,-109.05,79.05,60,99,3.18,overcast clouds
109,Norman Wells,CA,2021-10-19 15:57:12,65.282,-126.8329,12.24,85,90,2.3,fog
110,Igarka,RU,2021-10-19 16:02:08,67.4667,86.5833,31.95,95,100,10.0,overcast clouds
111,New Norfolk,AU,2021-10-19 15:56:45,-42.7826,147.0587,41.72,67,42,1.43,scattered clouds
112,Anito,PH,2021-10-19 16:03:03,12.4497,125.2886,78.31,89,42,2.77,moderate rain
113,Grindavik,IS,2021-10-19 15:56:44,63.8424,-22.4338,44.55,59,100,23.24,overcast clouds
114,Grand-Santi,GF,2021-10-19 16:03:03,4.25,-54.3833,93.92,41,67,2.68,broken clouds
115,Antofagasta,CL,2021-10-19 15:55:46,-23.65,-70.4,67.21,55,12,7.78,few clouds
116,Manokwari,ID,2021-10-19 16:03:04,-0.8667,134.0833,78.08,82,75,4.09,broken clouds
117,Ciudad Bolivar,VE,2021-10-19 16:03:04,8.1222,-63.5497,91.09,49,94,5.53,overcast clouds
118,Saskylakh,RU,2021-10-19 15:56:04,71.9167,114.0833,21.58,97,100,2.1,overcast clouds
119,Lubango,AO,2021-10-19 16:00:18,-14.9172,13.4925,76.6,25,41,14.88,scattered clouds
120,Leningradskiy,RU,2021-10-19 15:57:35,69.3833,178.4167,23.92,88,100,7.65,overcast clouds
121,Sioux Lookout,CA,2021-10-19 15:57:21,50.1001,-91.917,52.18,76,75,17.27,broken clouds
122,Phalaborwa,ZA,2021-10-19 16:01:37,-23.943,31.1411,64.35,48,85,4.03,overcast clouds
123,Salaga,GH,2021-10-19 16:03:05,8.5508,-0.5188,87.04,56,84,3.58,broken clouds
124,Port-Gentil,GA,2021-10-19 15:54:55,-0.7193,8.7815,82.36,74,75,12.66,light rain
125,Butaritari,KI,2021-10-19 15:53:44,3.0707,172.7902,82.33,68,41,9.73,scattered clouds
126,Tarbes,FR,2021-10-19 16:03:06,43.25,0.1667,77.11,50,0,4.61,clear sky
127,Hirara,JP,2021-10-19 16:03:06,24.8,125.2833,77.49,69,94,18.52,overcast clouds
128,Maragheh,IR,2021-10-19 16:03:06,37.3917,46.2398,58.57,42,47,3.22,scattered clouds
129,Sayyan,YE,2021-10-19 15:57:25,15.1718,44.3244,64.15,19,33,12.55,scattered clouds
130,Lahti,RU,2021-10-19 16:03:07,59.9911,30.1597,36.3,68,24,6.46,few clouds
131,Touros,BR,2021-10-19 15:57:44,-5.1989,-35.4608,90.5,57,83,14.85,broken clouds
132,Pocone,BR,2021-10-19 16:03:07,-16.2567,-56.6228,93.79,41,79,0.85,broken clouds
133,Arcachon,FR,2021-10-19 16:03:08,44.5875,-1.0519,82.45,42,0,3.44,clear sky
134,Ust-Koksa,RU,2021-10-19 16:03:08,50.2696,85.6108,30.38,71,5,0.89,clear sky
135,Dubna,RU,2021-10-19 16:03:08,56.7333,37.1667,36.21,93,100,8.59,overcast clouds
136,Comodoro Rivadavia,AR,2021-10-19 16:00:01,-45.8667,-67.5,65.77,45,0,9.22,clear sky
137,Kapaa,US,2021-10-19 15:53:18,22.0752,-159.319,71.92,94,7,13.8,clear sky
138,Lagoa,PT,2021-10-19 15:57:48,39.05,-27.9833,68.36,69,2,13.35,clear sky
139,Hervey Bay,AU,2021-10-19 16:03:09,-25.2986,152.8535,70.03,81,1,2.06,clear sky
140,Bredasdorp,ZA,2021-10-19 15:56:05,-34.5322,20.0403,67.28,71,0,17.09,clear sky
141,Ust-Ishim,RU,2021-10-19 15:59:23,57.6935,71.1665,51.67,50,100,10.8,overcast clouds
142,Cayenne,GF,2021-10-19 15:53:41,4.9333,-52.3333,89.64,74,75,5.01,broken clouds
143,Meulaboh,ID,2021-10-19 15:56:31,4.1363,96.1285,77.59,87,89,4.09,overcast clouds
144,Bereda,ES,2021-10-19 16:03:09,43.2686,-7.5406,78.42,50,73,8.93,broken clouds
145,Qui Nhon,VN,2021-10-19 16:03:10,13.7667,109.2333,77.97,91,96,7.14,overcast clouds
146,Corowa,AU,2021-10-19 16:03:10,-36.0333,146.3833,49.37,86,0,6.26,clear sky
147,Khatanga,RU,2021-10-19 15:56:38,71.9667,102.5,29.89,95,100,14.29,overcast clouds
148,Castro,BR,2021-10-19 15:57:03,-24.7911,-50.0119,56.73,95,100,7.52,overcast clouds
149,Buala,SB,2021-10-19 15:57:03,-8.145,159.5921,79.02,83,12,2.89,light rain
150,Ibra,OM,2021-10-19 16:03:11,22.6906,58.5334,87.04,19,16,6.24,few clouds
151,San Cristobal,VE,2021-10-19 15:55:12,7.7669,-72.225,78.98,53,20,6.53,few clouds
152,Saint George,US,2021-10-19 15:56:54,37.1041,-113.5841,55.54,54,0,1.01,clear sky
153,Ozernovskiy,RU,2021-10-19 16:03:11,51.5,156.5167,40.08,80,100,19.93,overcast clouds
154,Fort Saint James,CA,2021-10-19 16:03:12,54.4333,-124.25,32.23,86,99,2.06,overcast clouds
155,Ribeira Grande,PT,2021-10-19 15:57:09,38.5167,-28.7,69.26,71,12,10.27,few clouds
156,Kedougou,SN,2021-10-19 16:03:12,12.5579,-12.1743,94.6,37,57,5.1,broken clouds
157,Barrow,US,2021-10-19 15:56:09,71.2906,-156.7887,16.54,80,41,13.09,scattered clouds
158,Zabid,YE,2021-10-19 16:03:12,14.1951,43.3152,88.29,59,16,6.22,few clouds
159,Carnarvon,AU,2021-10-19 15:56:04,-24.8667,113.6333,66.27,68,40,11.5,scattered clouds
160,Kruisfontein,ZA,2021-10-19 15:57:54,-34.0033,24.7314,64.89,67,0,15.3,clear sky
161,Hilo,US,2021-10-19 15:57:21,19.7297,-155.09,69.8,94,61,5.99,broken clouds
162,Airai,TL,2021-10-19 15:57:01,-8.9266,125.4092,63.25,85,85,1.52,overcast clouds
163,Tundla,IN,2021-10-19 16:03:13,27.2,78.2833,77.59,63,0,1.77,clear sky
164,Guerrero Negro,MX,2021-10-19 15:57:48,27.9769,-114.0611,67.66,64,24,13.71,few clouds
165,Thompson,CA,2021-10-19 15:54:21,55.7435,-97.8558,33.96,75,75,8.05,broken clouds
166,Poso,ID,2021-10-19 16:02:47,-1.3959,120.7524,77.14,84,97,4.0,overcast clouds
167,Peniche,PT,2021-10-19 16:03:13,39.3558,-9.3811,81.88,71,6,10.74,clear sky
168,Belton,US,2021-10-19 16:03:14,38.812,-94.5319,67.24,59,20,14.97,few clouds
169,Andenes,NO,2021-10-19 16:03:14,69.3143,16.1194,31.98,64,0,23.02,clear sky
170,Portland,US,2021-10-19 15:52:52,45.5234,-122.6762,50.2,90,75,1.01,fog
171,Tromso,NO,2021-10-19 16:03:15,69.6496,18.957,27.37,74,0,3.44,clear sky
172,Torrijos,ES,2021-10-19 16:03:15,39.9819,-4.2835,79.84,35,37,7.23,scattered clouds
173,Paramonga,PE,2021-10-19 15:59:19,-10.6667,-77.8333,68.07,73,89,8.66,overcast clouds
174,Oktyabrskiy,RU,2021-10-19 16:03:15,54.4815,53.471,41.25,60,100,4.21,overcast clouds
175,Akhnur,IN,2021-10-19 16:03:16,32.8667,74.7333,72.48,49,0,5.59,clear sky
176,Brae,GB,2021-10-19 15:57:30,60.3964,-1.353,53.51,97,100,7.4,overcast clouds
177,Los Llanos De Aridane,ES,2021-10-19 15:57:39,28.6585,-17.9182,78.12,64,100,4.63,overcast clouds
178,Pacific Grove,US,2021-10-19 15:58:16,36.6177,-121.9166,55.56,87,37,1.01,scattered clouds
179,Tizimin,MX,2021-10-19 16:03:16,21.15,-88.15,88.61,53,86,7.9,overcast clouds
180,Yellowknife,CA,2021-10-19 15:56:16,62.456,-114.3525,38.41,98,75,6.91,broken clouds
181,Henties Bay,NA,2021-10-19 15:56:08,-22.116,14.2845,59.86,74,85,10.65,overcast clouds
182,Cherskiy,RU,2021-10-19 15:57:08,68.75,161.3,-13.47,100,97,4.45,overcast clouds
183,Sfantu Gheorghe,RO,2021-10-19 16:01:22,45.8667,25.7833,50.94,72,41,1.34,scattered clouds
184,Oistins,BB,2021-10-19 15:57:29,13.0667,-59.5333,84.29,74,40,11.5,scattered clouds
185,Darnah,LY,2021-10-19 16:03:17,32.767,22.6367,70.34,67,83,10.4,broken clouds
186,Tiznit,MA,2021-10-19 16:03:17,29.5833,-9.5,86.58,17,64,0.63,broken clouds
187,Ornskoldsvik,SE,2021-10-19 16:03:18,63.2909,18.7153,36.55,93,75,9.22,drizzle
188,Codrington,AU,2021-10-19 15:54:32,-38.2667,141.9667,44.24,97,36,8.03,scattered clouds
189,Yarada,IN,2021-10-19 16:03:18,17.65,83.2667,83.14,85,89,5.53,light rain
190,Mao,ES,2021-10-19 16:03:18,39.8885,4.2658,69.37,61,11,8.59,few clouds
191,Sur,OM,2021-10-19 15:58:15,22.5667,59.5289,84.88,54,4,8.08,clear sky
192,Puerto Escondido,MX,2021-10-19 15:57:36,15.85,-97.0667,84.69,60,81,2.71,broken clouds
193,San Quintin,MX,2021-10-19 15:55:59,30.4833,-115.95,63.1,66,54,9.15,broken clouds
194,Arona,ES,2021-10-19 15:57:44,28.0996,-16.681,73.33,69,100,3.89,overcast clouds
195,Avera,US,2021-10-19 16:03:19,33.194,-82.5271,73.27,40,0,3.38,clear sky
196,Bourail,NC,2021-10-19 16:03:20,-21.5667,165.4833,72.61,89,100,2.95,overcast clouds
197,Nuoro,IT,2021-10-19 16:03:20,40.3211,9.3297,62.8,42,3,2.35,clear sky
198,Pedasi,PA,2021-10-19 16:03:20,7.5333,-80.0333,80.46,76,99,1.14,overcast clouds
199,Huarmey,PE,2021-10-19 16:03:21,-10.0681,-78.1522,68.29,75,97,8.52,overcast clouds
200,Lasa,IT,2021-10-19 15:57:54,46.6166,10.7002,61.54,73,100,3.44,overcast clouds
201,Pasni,PK,2021-10-19 16:00:43,25.2631,63.471,80.2,72,0,7.2,clear sky
202,Yendi,GH,2021-10-19 16:03:21,9.4427,-0.0099,86.05,59,84,6.38,broken clouds
203,Saldanha,ZA,2021-10-19 15:56:51,-33.0117,17.9442,82.45,59,0,14.25,clear sky
204,Hami,CN,2021-10-19 16:03:22,42.8,93.45,55.89,23,1,2.35,clear sky
205,Harper,LR,2021-10-19 15:58:09,4.375,-7.7169,81.7,75,70,9.73,broken clouds
206,Morro Bay,US,2021-10-19 15:56:07,35.3658,-120.8499,61.0,68,0,2.44,clear sky
207,Dingle,PH,2021-10-19 15:58:00,10.9995,122.6711,77.52,91,100,6.17,moderate rain
208,Lavrentiya,RU,2021-10-19 15:58:05,65.5833,-171.0,27.97,94,100,23.94,snow
209,Prince Rupert,CA,2021-10-19 16:03:20,54.3161,-130.3201,43.7,72,100,10.31,overcast clouds
210,Portoferraio,IT,2021-10-19 16:03:22,42.8115,10.3146,68.11,69,88,2.62,overcast clouds
211,Munsingen,DE,2021-10-19 16:03:23,48.4113,9.497,54.7,79,93,7.0,overcast clouds
212,Sadiqabad,PK,2021-10-19 16:00:46,28.3062,70.1307,82.74,9,0,6.62,clear sky
213,Sinnamary,GF,2021-10-19 15:59:19,5.3833,-52.95,83.32,73,100,7.31,overcast clouds
214,Mar Del Plata,AR,2021-10-19 15:57:20,-38.0023,-57.5575,68.02,52,0,11.5,clear sky
215,Ancud,CL,2021-10-19 15:56:13,-41.8697,-73.8203,65.73,73,5,4.81,clear sky
216,Mezen,RU,2021-10-19 15:58:54,65.8522,44.24,35.46,83,93,12.59,overcast clouds
217,Zhanaozen,KZ,2021-10-19 16:03:23,43.3,52.8,60.37,59,96,14.07,overcast clouds
218,Kemijarvi,FI,2021-10-19 16:03:24,66.7131,27.4306,27.23,79,54,2.89,broken clouds
219,Hofn,IS,2021-10-19 15:58:59,64.2539,-15.2082,41.2,71,100,20.09,overcast clouds
220,Tarauaca,BR,2021-10-19 16:03:24,-8.1614,-70.7656,92.35,44,99,4.07,overcast clouds
221,Nome,US,2021-10-19 15:54:36,64.5011,-165.4064,32.07,93,90,24.16,snow
222,Astoria,US,2021-10-19 16:03:25,46.1879,-123.8313,51.85,90,1,7.0,clear sky
223,Rizhao,CN,2021-10-19 16:00:26,35.4275,119.4553,48.4,62,100,8.97,light rain
224,Dunedin,NZ,2021-10-19 16:03:25,-45.8742,170.5036,45.81,53,7,15.01,clear sky
225,Siverek,TR,2021-10-19 16:03:25,37.755,39.3167,65.01,32,10,6.98,clear sky
226,North Bend,US,2021-10-19 16:03:26,43.4065,-124.2243,49.12,96,1,9.22,clear sky
227,Makubetsu,JP,2021-10-19 16:03:26,45.3714,141.8211,41.9,93,100,18.9,overcast clouds
228,Minnedosa,CA,2021-10-19 16:03:27,50.2453,-99.8436,38.75,63,66,18.32,broken clouds
229,Safaga,EG,2021-10-19 16:03:27,26.7292,33.9365,81.55,38,33,22.55,scattered clouds
230,Marsh Harbour,BS,2021-10-19 16:03:27,26.5412,-77.0636,78.01,57,88,15.86,overcast clouds
231,Leshukonskoye,RU,2021-10-19 15:59:05,64.8989,45.7622,34.57,87,63,10.11,broken clouds
232,Prescott,US,2021-10-19 15:56:56,34.54,-112.4685,53.91,68,0,1.01,clear sky
233,El Alto,PE,2021-10-19 15:58:42,-4.2714,-81.2147,65.86,70,99,11.1,overcast clouds
234,Iquique,CL,2021-10-19 16:00:56,-20.2208,-70.1431,66.58,63,56,8.19,broken clouds
235,Zinacantan,MX,2021-10-19 16:03:28,16.75,-92.7,57.0,71,93,1.81,overcast clouds
236,Bolobo,CD,2021-10-19 16:03:28,-2.1667,16.2333,76.68,89,95,1.92,light rain
237,Gainesville,US,2021-10-19 16:00:44,29.6516,-82.3248,78.78,57,34,1.01,scattered clouds
238,Oranjemund,NA,2021-10-19 15:57:13,-28.55,16.4333,71.31,36,13,24.16,few clouds
239,Temyasovo,RU,2021-10-19 16:03:29,52.9933,58.1014,44.96,86,100,4.81,overcast clouds
240,Sisimiut,GL,2021-10-19 16:02:09,66.9395,-53.6735,33.39,45,42,8.95,scattered clouds
241,Torbay,CA,2021-10-19 15:57:44,47.6666,-52.7314,59.58,77,20,16.11,few clouds
242,Caravelas,BR,2021-10-19 15:55:13,-17.7125,-39.2481,85.44,55,67,11.97,broken clouds
243,Tamandare,BR,2021-10-19 15:58:41,-8.7597,-35.1047,83.5,65,84,9.51,broken clouds
244,Rzhev,RU,2021-10-19 16:03:30,56.2624,34.3282,33.4,80,67,11.14,broken clouds
245,Geraldton,AU,2021-10-19 15:58:32,-28.7667,114.6,61.21,82,75,17.27,broken clouds
246,Mariinsk,RU,2021-10-19 16:03:30,56.2139,87.7472,38.73,81,95,5.14,overcast clouds
247,Youhao,CN,2021-10-19 16:03:30,47.8667,128.8333,26.87,62,98,2.24,overcast clouds
248,Nizhniy Odes,RU,2021-10-19 16:03:31,63.6445,54.856,31.77,97,100,5.48,light snow
249,Bafq,IR,2021-10-19 16:03:31,31.6128,55.4107,76.64,12,0,4.43,clear sky
250,San Andres,CO,2021-10-19 16:03:31,12.5847,-81.7006,83.16,76,100,11.54,overcast clouds
251,Visby,SE,2021-10-19 16:03:32,57.6409,18.296,50.86,81,75,16.11,broken clouds
252,Srednekolymsk,RU,2021-10-19 16:01:39,67.45,153.6833,-6.39,97,31,5.75,scattered clouds
253,Rio Grande,BR,2021-10-19 15:58:38,-32.035,-52.0986,69.94,64,11,9.82,few clouds
254,Faya,SA,2021-10-19 15:59:29,18.3851,42.4509,73.92,25,40,10.07,scattered clouds
255,Belmonte,BR,2021-10-19 15:58:56,-15.8631,-38.8828,82.9,62,91,10.38,overcast clouds
256,Buritis,BR,2021-10-19 16:03:32,-15.6178,-46.4233,80.96,64,99,5.21,overcast clouds
257,Flinders,AU,2021-10-19 16:03:33,-34.5833,150.8552,56.25,83,69,5.7,broken clouds
258,Masunga,BW,2021-10-19 16:03:33,-20.6246,27.4488,53.85,85,99,16.04,overcast clouds
259,Kibala,TD,2021-10-19 16:03:33,9.1104,18.3463,83.21,76,100,4.56,overcast clouds
260,Hede,CN,2021-10-19 16:03:34,33.7681,120.2517,53.01,65,100,6.06,light rain
261,Mandan,US,2021-10-19 16:01:45,46.8267,-100.8896,43.03,92,90,23.02,overcast clouds
262,Naze,JP,2021-10-19 15:57:42,28.3667,129.4833,69.48,62,100,16.44,overcast clouds
263,Jefferson City,US,2021-10-19 16:00:18,38.5767,-92.1735,67.57,45,79,12.1,broken clouds
264,Bougouni,ML,2021-10-19 16:03:34,11.417,-7.479,94.64,29,77,5.37,broken clouds
265,Shingu,JP,2021-10-19 16:02:02,33.7333,135.9833,59.13,75,14,10.63,few clouds
266,Isangel,VU,2021-10-19 15:57:12,-19.55,169.2667,77.11,83,100,6.91,overcast clouds
267,Eydhafushi,MV,2021-10-19 16:01:10,5.1033,73.0708,82.33,70,25,11.99,scattered clouds
268,Korla,CN,2021-10-19 16:03:35,41.7597,86.1469,56.16,26,99,2.75,overcast clouds
269,Vila Velha,BR,2021-10-19 15:58:44,-20.3297,-40.2925,76.95,83,90,5.75,overcast clouds
270,Fort Nelson,CA,2021-10-19 15:59:00,58.8053,-122.7002,13.59,92,75,2.3,broken clouds
271,Alofi,NU,2021-10-19 15:58:34,-19.0595,-169.9187,69.69,88,99,5.75,overcast clouds
272,Presidencia Roque Saenz Pena,AR,2021-10-19 16:03:35,-26.7852,-60.4388,83.5,20,0,6.64,clear sky
273,Balsta,SE,2021-10-19 16:03:36,59.5671,17.5278,47.95,89,100,14.52,overcast clouds
274,Usogorsk,RU,2021-10-19 16:03:36,63.4106,48.6872,35.65,87,100,7.7,overcast clouds
275,Tucano,BR,2021-10-19 16:03:36,-10.9631,-38.7867,96.51,25,92,7.16,overcast clouds
276,Port Blair,IN,2021-10-19 15:57:23,11.6667,92.75,81.07,83,28,8.79,scattered clouds
277,Aljezur,PT,2021-10-19 16:03:37,37.3191,-8.8033,77.86,48,70,7.85,broken clouds
278,Coihaique,CL,2021-10-19 15:54:59,-45.5752,-72.0662,65.01,63,40,6.91,scattered clouds
279,San Patricio,US,2021-10-19 15:58:20,28.017,-97.5169,82.02,54,95,11.59,overcast clouds
280,Marang,MY,2021-10-19 16:03:37,5.2056,103.2059,80.85,79,96,2.35,overcast clouds
281,Sao Joao Da Barra,BR,2021-10-19 15:57:14,-21.6403,-41.0511,73.49,92,100,12.84,overcast clouds
282,Georgetown,MY,2021-10-19 15:56:35,5.4112,100.3354,78.75,89,40,5.01,scattered clouds
283,Nalut,LY,2021-10-19 16:03:38,30.3333,10.85,73.04,41,72,22.24,broken clouds
284,Macae,BR,2021-10-19 16:03:38,-22.3708,-41.7869,67.75,92,100,8.68,moderate rain
285,Chernyshevskiy,RU,2021-10-19 16:03:38,63.0128,112.4714,31.15,98,100,11.14,light snow
286,College,US,2021-10-19 15:53:08,64.8569,-147.8028,30.65,78,1,0.0,clear sky
287,Tezu,IN,2021-10-19 16:03:39,27.9167,96.1667,76.15,76,94,1.74,overcast clouds
288,Voh,NC,2021-10-19 16:03:39,-20.9667,164.7,71.76,91,100,3.74,light rain
289,Boende,CD,2021-10-19 16:03:39,-0.2167,20.8667,72.95,97,99,3.78,light rain
290,Bambous Virieux,MU,2021-10-19 15:57:02,-20.3428,57.7575,75.45,73,40,12.66,scattered clouds
291,Cochrane,CA,2021-10-19 16:00:04,51.1834,-114.4687,41.34,70,100,14.45,overcast clouds
292,Alyangula,AU,2021-10-19 15:58:58,-13.8483,136.4192,82.27,83,5,5.75,clear sky
293,Udachnyy,RU,2021-10-19 16:03:40,66.4167,112.4,32.52,93,100,16.73,overcast clouds
294,Narsaq,GL,2021-10-19 15:57:28,60.9167,-46.05,40.98,41,9,1.59,clear sky
295,Kavieng,PG,2021-10-19 15:57:41,-2.5744,150.7967,82.69,74,16,8.16,few clouds
296,Sampit,ID,2021-10-19 15:58:40,-2.5333,112.95,74.44,98,100,1.54,overcast clouds
297,Loreto,MX,2021-10-19 16:02:33,22.2667,-101.9667,68.18,45,3,3.0,clear sky
298,Tautira,PF,2021-10-19 15:57:19,-17.7333,-149.15,77.02,79,58,18.01,light rain
299,Novobiryusinskiy,RU,2021-10-19 16:03:41,56.9578,97.7076,36.82,93,98,3.02,overcast clouds
300,Regen,DE,2021-10-19 16:03:41,48.9667,13.1333,54.5,80,100,1.01,overcast clouds
301,Eyl,SO,2021-10-19 16:03:41,7.9803,49.8164,79.39,78,3,13.62,clear sky
302,Atbasar,KZ,2021-10-19 16:03:42,51.8,68.3333,47.17,43,80,8.28,broken clouds
303,Kasempa,ZM,2021-10-19 16:03:42,-13.4584,25.8338,76.1,51,78,9.8,broken clouds
304,Lorengau,PG,2021-10-19 15:57:10,-2.0226,147.2712,81.73,80,73,8.39,broken clouds
305,Kloulklubed,PW,2021-10-19 15:58:29,7.0419,134.2556,83.86,74,96,8.63,overcast clouds
306,Vardo,NO,2021-10-19 15:57:16,70.3705,31.1107,31.98,64,20,12.66,few clouds
307,Road Town,VG,2021-10-19 16:03:42,18.4167,-64.6167,87.21,73,21,7.43,few clouds
308,Lianzhou,CN,2021-10-19 16:03:43,24.7811,112.3825,70.95,83,84,1.86,broken clouds
309,Adrar,MR,2021-10-19 16:03:43,20.5022,-10.0711,95.27,7,53,13.09,broken clouds
310,Ahuimanu,US,2021-10-19 16:03:43,21.4447,-157.8378,74.86,78,60,11.68,broken clouds
311,Biak,ID,2021-10-19 15:57:11,-0.9131,122.8766,77.2,83,85,3.2,overcast clouds
312,Bunbury,AU,2021-10-19 16:03:44,-33.3333,115.6333,54.82,81,100,31.25,overcast clouds
313,Ajaccio,FR,2021-10-19 16:01:55,42.0,8.9167,66.18,43,0,8.05,clear sky
314,Faanui,PF,2021-10-19 15:53:17,-16.4833,-151.75,79.45,79,99,13.4,light rain
315,Pangnirtung,CA,2021-10-19 15:57:25,66.1451,-65.7125,33.8,93,90,5.75,overcast clouds
316,Pascani,RO,2021-10-19 16:03:44,47.2469,26.7229,54.91,59,100,2.15,overcast clouds
317,Shagonar,RU,2021-10-19 16:03:45,51.5333,92.8,38.86,60,2,0.89,clear sky
318,Pitimbu,BR,2021-10-19 16:03:45,-7.4706,-34.8086,82.94,68,61,12.1,broken clouds
319,Sombrio,BR,2021-10-19 16:03:45,-29.1139,-49.6167,69.93,59,8,9.82,clear sky
320,Parangan,PH,2021-10-19 16:03:46,5.0839,119.9383,82.09,78,100,4.81,overcast clouds
321,Polovinnoye,RU,2021-10-19 16:03:46,54.7914,65.9864,50.29,41,100,11.05,overcast clouds
322,Baykit,RU,2021-10-19 15:58:13,61.67,96.37,37.47,93,100,5.1,overcast clouds
323,Richards Bay,ZA,2021-10-19 16:03:46,-28.783,32.0377,61.52,69,37,5.21,scattered clouds
324,Swellendam,ZA,2021-10-19 16:03:46,-34.0226,20.4417,68.18,49,0,18.23,clear sky
325,Arawa,PG,2021-10-19 16:03:47,-6.2132,155.5367,77.5,90,57,1.86,broken clouds
326,Wasilla,US,2021-10-19 16:03:47,61.5814,-149.4394,40.84,56,90,5.01,overcast clouds
327,Kristiansund,NO,2021-10-19 15:58:35,63.1115,7.732,48.85,81,75,4.61,broken clouds
328,Sorland,NO,2021-10-19 15:59:10,67.667,12.6934,39.06,55,100,23.51,overcast clouds
329,Salinas,US,2021-10-19 15:59:11,36.6777,-121.6555,55.96,86,31,2.51,scattered clouds
330,Genhe,CN,2021-10-19 16:03:48,50.7833,121.5167,18.16,98,45,0.6,scattered clouds
331,Kabalo,CD,2021-10-19 16:03:48,-6.05,26.9167,74.39,89,81,4.21,moderate rain
332,Liwale,TZ,2021-10-19 16:03:48,-9.7667,37.9333,81.73,42,87,9.44,overcast clouds
333,Trinidad,BO,2021-10-19 16:03:48,-14.8333,-64.9,94.44,26,73,8.55,broken clouds
334,Nago,JP,2021-10-19 16:03:49,26.5881,127.9761,73.47,67,100,16.87,overcast clouds
335,Goianira,BR,2021-10-19 16:03:49,-16.4961,-49.4264,85.71,45,98,6.17,overcast clouds
336,Pawai,IN,2021-10-19 16:03:49,24.2667,80.1667,72.97,83,19,4.0,few clouds
337,Bonfim,BR,2021-10-19 15:57:31,3.0833,-59.95,89.55,55,80,2.37,broken clouds
338,Berekum,GH,2021-10-19 16:03:50,7.4534,-2.584,81.09,79,89,3.62,light rain
339,Semey,KZ,2021-10-19 16:03:50,50.4111,80.2275,28.62,100,90,0.0,fog
340,Caloundra,AU,2021-10-19 16:03:50,-26.8,153.1333,62.85,96,7,3.62,clear sky
341,Kaohsiung,TW,2021-10-19 15:59:12,22.6163,120.3133,79.03,77,75,1.99,broken clouds
342,Ovsyanka,RU,2021-10-19 16:03:51,55.9575,92.5519,32.97,82,39,4.12,scattered clouds
343,Maragogi,BR,2021-10-19 15:58:31,-9.0122,-35.2225,82.6,68,61,9.78,broken clouds
344,Chicama,PE,2021-10-19 15:58:17,-7.8447,-79.1469,59.54,65,98,7.7,overcast clouds
345,Andros Town,BS,2021-10-19 16:03:51,24.7,-77.7667,84.16,54,72,15.75,broken clouds
346,Monterey,US,2021-10-19 16:03:51,36.2505,-121.2516,50.11,11,2,3.09,clear sky
347,Shelton,US,2021-10-19 16:01:51,41.3165,-73.0932,61.63,60,1,3.0,clear sky
348,Ulety,RU,2021-10-19 16:03:52,51.3572,112.4849,23.7,89,21,3.98,few clouds
349,Hameenlinna,FI,2021-10-19 16:03:52,60.996,24.4643,36.21,72,100,4.38,overcast clouds
350,Oussouye,SN,2021-10-19 16:03:52,12.485,-16.5469,93.67,47,63,10.74,broken clouds
351,Somotillo,NI,2021-10-19 16:03:53,13.0433,-86.9064,87.94,74,73,2.21,broken clouds
352,Port Elizabeth,ZA,2021-10-19 15:57:52,-33.918,25.5701,67.1,68,0,11.5,clear sky
353,Port Lincoln,AU,2021-10-19 15:57:28,-34.7333,135.8667,61.48,66,100,23.02,overcast clouds
354,Maglie,IT,2021-10-19 16:03:53,40.1184,18.2989,63.48,72,3,11.83,clear sky
355,Kolpashevo,RU,2021-10-19 16:03:53,58.3131,82.9089,42.1,88,97,8.19,overcast clouds
356,Yuxia,CN,2021-10-19 16:03:54,34.0615,108.6291,52.38,94,100,5.86,heavy intensity rain
357,Marienburg,PL,2021-10-19 16:03:54,54.0359,19.0266,55.06,77,100,10.38,overcast clouds
358,Price,US,2021-10-19 16:02:39,39.5994,-110.8107,36.72,82,100,0.98,overcast clouds
359,Dondo,MZ,2021-10-19 16:03:54,-19.6094,34.7431,70.48,81,100,11.27,light rain
360,Mount Gambier,AU,2021-10-19 15:57:00,-37.8333,140.7667,46.31,93,70,9.22,broken clouds
361,Mayumba,GA,2021-10-19 15:59:11,-3.432,10.6554,77.29,80,100,6.93,overcast clouds
362,Rio Gallegos,AR,2021-10-19 15:58:15,-51.6226,-69.2181,68.05,21,0,14.97,clear sky
363,Rawson,AR,2021-10-19 15:57:19,-43.3002,-65.1023,69.49,36,15,7.54,few clouds
364,Talnakh,RU,2021-10-19 15:59:07,69.4865,88.3972,29.93,96,96,6.89,light snow
365,Pevek,RU,2021-10-19 15:56:52,69.7008,170.3133,13.82,92,100,15.82,overcast clouds
366,Laramie,US,2021-10-19 16:03:55,41.3114,-105.5911,47.86,93,90,13.8,moderate rain
367,Fare,PF,2021-10-19 15:57:31,-16.7,-151.0167,79.21,78,73,14.34,broken clouds
368,Daru,PG,2021-10-19 15:57:34,-9.0763,143.2092,79.21,86,13,9.89,few clouds
369,Pandan,PH,2021-10-19 16:03:56,14.0453,124.1694,80.38,86,99,8.79,overcast clouds
370,Kapit,MY,2021-10-19 16:03:56,2.0167,112.9333,74.43,100,100,0.63,heavy intensity rain
371,Tiksi,RU,2021-10-19 15:56:53,71.6872,128.8694,17.76,96,100,7.83,overcast clouds
372,Dungarpur,IN,2021-10-19 16:03:56,23.8333,73.7167,78.26,37,4,4.43,clear sky
373,Kawalu,ID,2021-10-19 16:03:56,-7.3817,108.2082,72.9,99,98,2.33,overcast clouds
374,Balcani,RO,2021-10-19 16:03:57,46.6333,26.55,52.63,70,94,3.18,overcast clouds
375,Burnie,AU,2021-10-19 16:03:57,-41.0667,145.9167,46.92,76,61,8.05,broken clouds
376,Sao Filipe,CV,2021-10-19 15:56:44,14.8961,-24.4956,83.08,61,6,6.62,clear sky
377,Poddorye,RU,2021-10-19 16:03:58,57.4695,31.1156,34.25,72,18,6.22,few clouds
378,Hearst,CA,2021-10-19 16:03:58,49.6835,-83.6665,59.07,61,10,7.87,clear sky
379,Cap Malheureux,MU,2021-10-19 15:57:45,-19.9842,57.6142,75.69,76,19,5.01,few clouds
380,Uglegorsk,RU,2021-10-19 16:03:58,49.0833,142.0333,27.43,70,36,4.18,scattered clouds
381,Pisco,PE,2021-10-19 15:57:37,-13.7,-76.2167,65.01,82,75,8.05,mist
382,Port Hawkesbury,CA,2021-10-19 15:56:56,45.6169,-61.3485,57.43,69,75,5.01,broken clouds
383,Vanimo,PG,2021-10-19 15:56:06,-2.6741,141.3028,78.48,88,100,4.0,overcast clouds
384,Quang Ngai,VN,2021-10-19 16:03:59,15.1167,108.8,76.46,94,82,3.83,broken clouds
385,Solnechnyy,RU,2021-10-19 15:57:43,50.7214,136.6319,20.71,78,14,2.75,few clouds
386,Namatanai,PG,2021-10-19 15:57:27,-3.6667,152.4333,80.29,80,45,5.82,light rain
387,Kyra,RU,2021-10-19 16:03:59,49.5776,111.9753,29.59,71,2,5.35,clear sky
388,Abay,KZ,2021-10-19 16:01:12,49.6311,72.8539,47.34,27,3,7.02,clear sky
389,Kotido,UG,2021-10-19 16:04:00,2.9806,34.1331,81.55,39,96,12.28,overcast clouds
390,Sept-Iles,CA,2021-10-19 16:00:06,50.2001,-66.3821,50.05,92,90,3.0,light rain
391,Baturaja,ID,2021-10-19 16:04:00,-4.1333,104.1667,75.0,98,98,0.47,overcast clouds
392,Katsuura,JP,2021-10-19 15:58:03,35.1333,140.3,57.31,83,100,12.12,overcast clouds
393,Bathsheba,BB,2021-10-19 16:04:00,13.2167,-59.5167,84.2,67,88,15.77,overcast clouds
394,Oriximina,BR,2021-10-19 16:04:01,-1.7656,-55.8661,90.75,51,86,3.4,light rain
395,Otake,JP,2021-10-19 16:04:01,34.2,132.2167,63.01,25,22,11.3,few clouds
396,Butte,US,2021-10-19 16:04:02,39.6499,-121.5677,53.19,79,1,0.0,clear sky
397,Necochea,AR,2021-10-19 15:57:23,-38.5473,-58.7368,68.18,51,1,9.48,clear sky
398,Entebbe,UG,2021-10-19 16:04:03,0.0644,32.4469,75.52,69,20,0.0,few clouds
399,Aklavik,CA,2021-10-19 16:04:03,68.2191,-135.0107,16.52,96,84,5.12,broken clouds
400,Takaka,NZ,2021-10-19 16:04:03,-40.85,172.8,54.37,87,36,5.97,scattered clouds
401,Copiapo,CL,2021-10-19 16:01:29,-27.3667,-70.3333,77.09,31,0,8.59,clear sky
402,Griffith,US,2021-10-19 16:01:09,41.5284,-87.4237,69.1,59,1,3.0,clear sky
403,Cacak,RS,2021-10-19 16:04:04,43.8914,20.3497,60.4,66,76,2.15,broken clouds
404,Krasnodon,UA,2021-10-19 16:04:05,48.2923,39.7373,43.32,46,35,7.34,scattered clouds
405,Muzhi,RU,2021-10-19 16:04:05,65.3667,64.6667,34.72,99,100,3.94,overcast clouds
406,Totma,RU,2021-10-19 16:04:05,59.9747,42.7642,32.86,91,90,6.49,overcast clouds
407,Chissamba,AO,2021-10-19 16:04:06,-12.1667,17.3333,80.31,44,69,10.51,broken clouds
408,Althofen,AT,2021-10-19 16:04:06,46.8818,14.4676,55.06,75,100,1.19,overcast clouds
409,Cockburn Town,TC,2021-10-19 15:58:16,21.4612,-71.1419,82.56,72,45,9.46,scattered clouds
410,Srandakan,ID,2021-10-19 16:03:48,-7.9386,110.2506,78.53,85,97,2.82,overcast clouds
411,Kahramanmaras,TR,2021-10-19 16:04:06,38.0,37.0,61.43,40,69,7.65,broken clouds
412,Kampene,CD,2021-10-19 16:04:07,-3.6,26.6667,72.28,86,100,1.57,overcast clouds
413,Bull Savanna,JM,2021-10-19 16:04:07,17.8868,-77.5902,83.7,65,94,4.68,overcast clouds
414,Kaele,CM,2021-10-19 16:04:07,10.1092,14.4508,87.94,42,83,7.47,broken clouds
415,Tsiroanomandidy,MG,2021-10-19 16:04:08,-18.7667,46.0333,78.26,50,63,9.53,broken clouds
416,Zabaykalsk,RU,2021-10-19 16:04:08,49.6333,117.3167,26.38,87,3,4.03,clear sky
417,Nichinan,JP,2021-10-19 16:04:08,31.6,131.3667,61.03,65,99,9.71,overcast clouds
418,Kiruna,SE,2021-10-19 16:04:09,67.8557,20.2251,14.92,86,75,2.3,broken clouds
419,Rosetown,CA,2021-10-19 16:04:09,51.5501,-108.0014,33.58,61,27,10.22,scattered clouds
420,Gorontalo,ID,2021-10-19 16:04:09,0.5412,123.0595,75.96,95,79,2.17,broken clouds
421,Saint Anthony,US,2021-10-19 15:58:59,45.0205,-93.218,65.66,58,1,1.99,clear sky
422,Saint-Augustin,CA,2021-10-19 15:53:42,51.226,-58.6502,43.3,94,100,21.52,overcast clouds
423,Valdivia,CL,2021-10-19 16:04:10,-39.8142,-73.2459,71.89,45,10,4.27,clear sky
424,Okhotsk,RU,2021-10-19 16:04:10,59.3833,143.3,10.71,71,10,11.03,clear sky
425,Sherlovaya Gora,RU,2021-10-19 16:04:10,50.5667,116.25,19.04,89,5,1.3,clear sky
426,Santiago Del Estero,AR,2021-10-19 16:04:11,-27.7951,-64.2615,80.8,18,0,10.4,clear sky
427,Tolosa,FR,2021-10-19 16:03:44,43.6043,1.4437,71.13,66,98,11.99,overcast clouds
428,Noumea,NC,2021-10-19 16:00:04,-22.2763,166.4572,78.01,99,100,4.45,overcast clouds
429,Dourbali,TD,2021-10-19 16:04:11,11.8091,15.8632,98.02,23,65,4.85,broken clouds
430,Cabo San Lucas,MX,2021-10-19 15:57:01,22.8909,-109.9124,81.61,71,19,11.39,few clouds
431,Saint-Leu,RE,2021-10-19 16:04:11,-21.15,55.2833,74.68,95,68,4.41,broken clouds
432,Tessalit,ML,2021-10-19 16:01:29,20.1986,1.0114,93.96,7,1,15.19,clear sky
433,Ritterhude,DE,2021-10-19 16:04:12,53.1811,8.7216,61.99,96,75,3.0,mist
434,Tabas,IR,2021-10-19 15:57:47,33.5959,56.9244,75.6,15,0,6.8,clear sky
435,Lokosovo,RU,2021-10-19 16:04:12,61.1333,74.8167,47.41,66,100,14.81,overcast clouds
436,Homer,US,2021-10-19 16:04:12,59.6425,-151.5483,40.8,88,90,0.0,light rain
437,Kazerun,IR,2021-10-19 16:04:13,29.6195,51.6541,72.99,17,0,5.17,clear sky
438,Dangara,IN,2021-10-19 16:04:13,29.6799,75.8931,77.86,35,0,1.97,clear sky
439,Calatayud,ES,2021-10-19 16:04:13,41.3535,-1.6432,78.55,32,63,2.08,broken clouds
440,Shache,CN,2021-10-19 16:04:14,38.4167,77.2406,56.34,19,3,5.95,clear sky
441,Aranos,NA,2021-10-19 16:04:14,-24.1333,19.1167,89.19,13,34,10.76,scattered clouds
442,Mehamn,NO,2021-10-19 15:57:18,71.0357,27.8492,33.71,60,100,8.14,overcast clouds
443,Duluth,US,2021-10-19 16:03:27,46.7833,-92.1066,64.08,60,1,5.99,clear sky
444,Capitao Poco,BR,2021-10-19 16:04:14,-1.7464,-47.0594,88.07,56,63,3.38,broken clouds
445,Teya,RU,2021-10-19 15:57:22,60.3778,92.6267,38.59,93,100,6.82,overcast clouds
446,Sakakah,SA,2021-10-19 15:59:01,29.9697,40.2064,85.57,28,0,10.09,clear sky
447,Beyneu,KZ,2021-10-19 16:04:15,45.3167,55.2,59.95,65,93,14.63,overcast clouds
448,La Asuncion,VE,2021-10-19 16:04:15,11.0333,-63.8628,84.97,67,87,9.55,overcast clouds
449,Puerto Colombia,CO,2021-10-19 16:04:16,10.9878,-74.9547,86.86,69,44,5.26,scattered clouds
450,San Jose,US,2021-10-19 15:52:20,37.3394,-121.895,56.57,80,75,0.0,smoke
451,Sibolga,ID,2021-10-19 16:04:16,1.7427,98.7792,77.22,85,28,2.89,scattered clouds
452,Gazanjyk,TM,2021-10-19 16:04:16,39.2446,55.5154,66.02,35,88,9.89,overcast clouds
453,Goma,CD,2021-10-19 16:01:42,-1.6792,29.2228,66.22,87,96,1.16,moderate rain
454,Key Largo,US,2021-10-19 15:59:39,25.0865,-80.4473,85.01,59,19,18.14,few clouds
455,Poronaysk,RU,2021-10-19 16:04:17,49.2167,143.1167,25.3,71,59,6.67,broken clouds
456,Inuvik,CA,2021-10-19 16:04:17,68.3499,-133.7218,16.56,92,40,9.22,mist
457,Zeya,RU,2021-10-19 15:56:58,53.75,127.2667,27.27,71,57,2.64,broken clouds
458,Honiara,SB,2021-10-19 16:04:17,-9.4333,159.95,77.04,87,29,2.82,scattered clouds
459,Vestmannaeyjar,IS,2021-10-19 15:57:24,63.4427,-20.2734,49.19,66,0,5.75,clear sky
460,Nizhnevartovsk,RU,2021-10-19 16:04:18,60.9344,76.5531,51.82,50,0,15.66,clear sky
461,Passage West,IE,2021-10-19 16:04:18,51.8739,-8.3444,62.94,93,75,7.0,broken clouds
462,Ketchikan,US,2021-10-19 15:56:57,55.3422,-131.6461,41.41,76,100,7.4,overcast clouds
463,Belorechensk,RU,2021-10-19 16:04:18,44.76,39.87,48.92,67,100,11.12,overcast clouds
464,Pedernales,DO,2021-10-19 16:04:19,18.0384,-71.744,84.94,71,52,5.97,broken clouds
465,Kalmunai,LK,2021-10-19 15:56:55,7.4167,81.8167,81.41,78,39,4.03,scattered clouds
466,Staryy Nadym,RU,2021-10-19 16:04:19,65.6118,72.6842,40.59,95,100,14.97,overcast clouds
467,Komsomolskiy,UZ,2021-10-19 15:56:19,40.4272,71.7189,59.72,47,68,6.91,haze
468,Biscarrosse,FR,2021-10-19 16:04:19,44.3945,-1.1672,82.35,42,0,3.44,clear sky
469,Saint-Francois,FR,2021-10-19 16:04:20,46.4154,3.9054,72.84,43,0,3.44,clear sky
470,Sorong,ID,2021-10-19 16:04:20,-0.8833,131.25,79.45,83,100,5.48,overcast clouds
471,Severomuysk,RU,2021-10-19 16:04:20,56.1481,113.4267,18.12,73,100,5.21,overcast clouds
472,Qandala,SO,2021-10-19 16:04:21,11.472,49.8728,85.17,48,69,3.71,broken clouds
473,Guaimaro,CU,2021-10-19 16:04:21,21.05,-77.35,86.5,56,60,11.99,broken clouds
474,Ilulissat,GL,2021-10-19 15:57:24,69.2167,-51.1,25.18,71,100,4.54,overcast clouds
475,Kupang,ID,2021-10-19 15:56:41,-10.1667,123.5833,80.31,83,63,6.46,broken clouds
476,Haines Junction,CA,2021-10-19 15:58:24,60.7522,-137.5108,13.95,92,100,1.14,overcast clouds
477,Krasnoarmeysk,RU,2021-10-19 16:04:22,51.0239,45.6969,39.29,62,100,10.96,overcast clouds
478,Abadiania,BR,2021-10-19 15:59:52,-16.2042,-48.7069,68.92,51,94,4.36,overcast clouds
479,Simpang,ID,2021-10-19 16:04:22,-1.2667,104.0833,75.47,95,99,2.3,overcast clouds
480,Havre-Saint-Pierre,CA,2021-10-19 15:59:04,50.2334,-63.5986,50.59,93,90,5.75,mist
481,Kholmogory,RU,2021-10-19 16:04:22,64.2229,41.656,33.91,82,81,7.56,broken clouds
482,Yar-Sale,RU,2021-10-19 15:57:45,66.8333,70.8333,32.47,99,100,10.16,snow
483,Blackwood,GB,2021-10-19 16:04:23,51.6678,-3.2075,62.17,92,100,8.01,overcast clouds
484,Fuyu,CN,2021-10-19 16:04:23,45.1833,124.8167,33.93,46,3,7.54,clear sky
485,Dillon,US,2021-10-19 16:04:23,34.4166,-79.3712,73.89,34,0,4.07,clear sky
486,Challapata,BO,2021-10-19 16:04:24,-18.9,-66.7667,57.63,20,17,11.18,few clouds
487,Bubaque,GW,2021-10-19 15:56:54,11.2833,-15.8333,84.06,75,99,9.1,overcast clouds
488,Poltavka,RU,2021-10-19 16:04:24,54.3663,71.7632,47.66,62,67,9.24,broken clouds
489,Marshfield,US,2021-10-19 16:04:24,44.6689,-90.1718,62.55,55,75,8.05,broken clouds
490,Praia Da Vitoria,PT,2021-10-19 15:59:13,38.7333,-27.0667,75.45,78,20,9.6,few clouds
491,Kizukuri,JP,2021-10-19 16:04:25,40.8061,140.3861,51.12,96,77,5.19,light rain
492,Zaltan,LY,2021-10-19 16:04:25,32.947,11.8665,73.2,54,0,13.09,clear sky
493,San Pedro,PH,2021-10-19 16:04:26,14.35,121.0167,82.31,76,2,8.34,clear sky
494,Morondava,MG,2021-10-19 15:57:26,-20.2833,44.2833,79.11,76,33,16.04,scattered clouds
495,Miandrivazo,MG,2021-10-19 16:04:26,-19.5167,45.4667,84.54,51,99,11.74,overcast clouds
496,Tam Ky,VN,2021-10-19 16:00:54,15.5667,108.4833,78.78,93,84,1.83,broken clouds
497,Qaqortoq,GL,2021-10-19 16:02:09,60.7167,-46.0333,50.5,42,24,0.74,few clouds
498,Vanavara,RU,2021-10-19 16:04:27,60.34,102.2797,34.88,93,100,7.7,overcast clouds
499,Ushtobe,KZ,2021-10-19 16:04:27,45.2514,77.9838,51.48,32,0,1.81,clear sky
500,Sandy Bay,AU,2021-10-19 16:04:27,-42.913,147.3532,42.1,84,66,1.01,broken clouds
501,Nehe,CN,2021-10-19 15:58:42,48.4833,124.8333,30.69,74,1,5.86,clear sky
502,Sovetskiy,RU,2021-10-19 16:02:30,61.3614,63.5842,39.42,68,100,10.8,overcast clouds
503,Bayji,IQ,2021-10-19 16:04:28,34.9311,43.487,77.16,35,7,8.12,clear sky
504,Tianmen,CN,2021-10-19 16:04:28,30.6516,113.1603,55.09,90,100,9.57,overcast clouds
505,Champasak,LA,2021-10-19 15:56:53,14.75,106.0,74.79,98,89,1.54,overcast clouds
506,Gudalur,IN,2021-10-19 16:04:29,9.6833,77.2667,75.67,93,100,3.91,overcast clouds
507,Liverpool,GB,2021-10-19 16:04:29,53.4106,-2.9779,65.68,84,100,5.01,overcast clouds
508,Ayutla,MX,2021-10-19 16:04:29,20.1167,-104.3333,74.14,59,23,1.12,few clouds
509,Xinzhi,CN,2021-10-19 16:04:30,36.4989,111.7047,48.7,72,100,5.26,light rain
510,Mazyr,BY,2021-10-19 16:04:30,52.0495,29.2456,38.55,69,21,6.31,few clouds
511,Omsukchan,RU,2021-10-19 16:04:30,62.5333,155.8,0.57,97,100,5.35,overcast clouds
512,Bambanglipuro,ID,2021-10-19 16:04:31,-7.95,110.2833,78.44,86,97,2.93,overcast clouds
513,Auki,SB,2021-10-19 16:04:31,-8.7676,160.7034,76.71,87,79,3.4,broken clouds
514,Atambua,ID,2021-10-19 15:59:10,-9.1061,124.8925,77.27,85,97,2.98,overcast clouds
515,Nizhnyaya Tavda,RU,2021-10-19 16:02:55,57.6731,66.1725,49.68,44,100,9.4,overcast clouds
516,Port Moresby,PG,2021-10-19 16:01:03,-9.4431,147.1797,76.21,91,4,4.83,clear sky
517,Kenai,US,2021-10-19 16:04:31,60.5544,-151.2583,38.14,85,90,13.8,light rain
518,Constitucion,CL,2021-10-19 15:57:27,-35.3333,-72.4167,67.14,51,0,5.46,clear sky
519,Taksimo,RU,2021-10-19 16:04:32,56.3444,114.8794,30.06,62,100,2.06,overcast clouds
520,Plato,CO,2021-10-19 16:04:32,9.7903,-74.7824,85.93,70,91,6.62,overcast clouds
521,Hit,IQ,2021-10-19 16:04:32,33.6416,42.8251,77.58,36,0,7.34,clear sky
522,Klyuchi,RU,2021-10-19 15:57:53,52.2667,79.1667,42.87,50,83,7.47,broken clouds
523,Kodinsk,RU,2021-10-19 16:04:33,58.6881,99.1844,35.47,97,100,3.98,overcast clouds
524,Egvekinot,RU,2021-10-19 15:58:04,66.3167,-179.1667,19.42,88,100,15.57,overcast clouds
525,West Bay,KY,2021-10-19 16:04:33,19.3667,-81.4167,82.99,83,75,1.99,broken clouds
526,Gdov,RU,2021-10-19 16:04:33,58.7406,27.8122,38.37,55,82,6.08,broken clouds
527,Jangipur,IN,2021-10-19 16:04:34,24.4667,88.0667,75.13,95,100,7.78,overcast clouds
528,Jishou,CN,2021-10-19 16:04:34,28.3167,109.7167,52.65,95,100,6.93,overcast clouds
529,Dandong,CN,2021-10-19 16:04:34,40.1292,124.3947,34.66,59,0,7.16,clear sky
530,Lincolnton,US,2021-10-19 16:04:35,35.4737,-81.2545,70.77,43,1,5.01,clear sky
531,Bilma,NE,2021-10-19 16:04:35,18.6853,12.9164,97.52,10,0,10.18,clear sky
532,Tenenkou,ML,2021-10-19 16:04:35,14.4572,-4.9169,95.95,31,100,14.2,overcast clouds
533,Havelock,US,2021-10-19 15:54:22,34.8791,-76.9013,72.05,50,1,3.0,clear sky
534,Longyearbyen,SJ,2021-10-19 15:57:15,78.2186,15.6401,15.64,67,20,11.5,few clouds
535,Samarai,PG,2021-10-19 15:59:14,-10.6167,150.6667,80.64,81,21,7.2,few clouds
536,Carson City,US,2021-10-19 16:03:39,39.1638,-119.7674,48.9,71,1,0.0,clear sky
537,Langarud,IR,2021-10-19 16:04:36,37.197,50.1535,62.65,87,72,3.65,broken clouds
538,Taoudenni,ML,2021-10-19 15:55:25,22.6783,-3.9836,95.27,11,49,20.4,scattered clouds
539,Guatire,VE,2021-10-19 16:04:36,10.4762,-66.5427,89.2,53,50,4.61,scattered clouds
540,La Paz,BO,2021-10-19 16:00:13,-16.5,-68.15,59.11,41,66,1.57,broken clouds
541,Zhongshu,CN,2021-10-19 16:04:37,24.5167,103.7667,59.11,99,32,5.12,scattered clouds
542,Gamba,GA,2021-10-19 16:04:37,-2.65,10.0,76.96,79,100,6.93,overcast clouds
543,Gat,IL,2021-10-19 15:58:08,31.61,34.7642,74.08,20,57,8.3,broken clouds
544,Limon,CR,2021-10-19 16:04:38,10.0,-83.0333,84.09,74,75,4.61,broken clouds
545,Glyadyanskoye,RU,2021-10-19 16:04:38,54.9075,65.0883,51.22,39,100,10.13,overcast clouds
546,Assens,DK,2021-10-19 16:04:38,55.2702,9.9008,57.52,97,100,14.12,heavy intensity rain
547,Novyy Urengoy,RU,2021-10-19 16:04:38,66.0833,76.6333,36.55,97,100,15.43,moderate rain
548,Baghdad,IQ,2021-10-19 16:02:12,33.3406,44.4009,80.26,32,0,10.8,clear sky
549,Thanh Hoa,VN,2021-10-19 16:04:39,19.8,105.7667,72.12,89,100,3.15,overcast clouds
550,Manggar,ID,2021-10-19 16:04:39,-2.8833,108.2667,79.65,81,78,3.58,broken clouds
551,Russell,US,2021-10-19 15:57:12,32.3502,-85.1999,69.96,57,1,4.52,clear sky
552,Matara,LK,2021-10-19 16:04:40,5.9485,80.5353,78.71,87,36,9.17,scattered clouds
553,Upata,VE,2021-10-19 16:04:40,8.0086,-62.3989,87.19,52,86,5.39,overcast clouds
554,Quesnel,CA,2021-10-19 16:04:40,52.9999,-122.5029,38.59,94,100,0.65,overcast clouds
555,Husavik,IS,2021-10-19 15:56:57,66.0449,-17.3389,33.71,68,100,22.93,overcast clouds
556,Manzhouli,CN,2021-10-19 16:04:41,49.6,117.4333,27.39,84,3,4.23,clear sky
557,Laguna,US,2021-10-19 15:58:41,38.421,-121.4238,58.01,79,68,1.01,broken clouds
558,Ranfurly,NZ,2021-10-19 16:04:41,-45.1333,170.1,30.07,96,46,2.82,scattered clouds
559,Rosario,AR,2021-10-19 16:04:41,-32.9468,-60.6393,79.57,33,0,3.0,clear sky
560,Maniitsoq,GL,2021-10-19 15:57:22,65.4167,-52.9,36.46,51,13,1.95,few clouds
561,Mwinilunga,ZM,2021-10-19 16:04:42,-11.7358,24.4293,75.72,50,90,2.48,overcast clouds
562,Usuki,JP,2021-10-19 16:04:42,33.1081,131.7878,51.39,71,72,10.18,broken clouds
563,Ullapool,GB,2021-10-19 16:04:42,57.8987,-5.1604,59.76,98,100,3.71,light rain
564,Beisfjord,NO,2021-10-19 16:04:43,68.3751,17.5988,34.25,82,100,9.42,overcast clouds
565,Kita,ML,2021-10-19 16:04:43,13.0349,-9.4895,98.02,19,50,3.71,scattered clouds
566,Maridi,SS,2021-10-19 15:59:38,4.9158,29.4742,69.82,87,100,3.0,overcast clouds
567,Lang Suan,TH,2021-10-19 16:04:43,9.9456,99.0785,78.04,88,34,0.98,scattered clouds
568,Aksarka,RU,2021-10-19 16:02:53,66.5606,67.7975,32.79,99,100,8.93,light snow
569,Dengzhou,CN,2021-10-19 16:04:44,37.8086,120.7508,49.73,55,82,8.59,light rain
570,Tocopilla,CL,2021-10-19 16:04:44,-22.092,-70.1979,66.18,66,11,7.61,few clouds
571,Westport,US,2021-10-19 15:55:59,41.1415,-73.3579,61.61,65,7,3.0,clear sky
572,The Valley,AI,2021-10-19 16:00:02,18.217,-63.0578,85.1,75,42,8.43,light rain
573,Teguise,ES,2021-10-19 15:58:11,29.0605,-13.564,71.82,83,0,16.11,clear sky
574,Strezhevoy,RU,2021-10-19 16:04:45,60.7333,77.5889,51.78,71,100,12.28,overcast clouds
575,Murgab,TM,2021-10-19 16:00:47,37.4966,61.9714,66.51,12,40,6.96,scattered clouds
576,Guasdualito,VE,2021-10-19 16:04:45,7.2424,-70.7324,85.62,71,35,2.64,scattered clouds
577,Kushmurun,KZ,2021-10-19 16:04:45,52.4503,64.6311,51.03,32,100,9.46,overcast clouds
578,Souillac,MU,2021-10-19 15:54:12,-20.5167,57.5167,75.58,73,40,12.66,scattered clouds
579,Kargasok,RU,2021-10-19 16:04:46,59.0556,80.8572,43.77,80,98,11.12,overcast clouds
580,Keuruu,FI,2021-10-19 16:04:46,62.2667,24.7,33.98,68,92,3.24,overcast clouds
581,Nouadhibou,MR,2021-10-19 16:01:56,20.931,-17.0347,70.57,82,35,16.51,scattered clouds
582,Labuhan,ID,2021-10-19 15:58:26,-6.8844,112.2051,81.05,79,95,9.22,overcast clouds
583,Kigoma,TZ,2021-10-19 16:04:46,-4.8769,29.6267,75.4,78,95,4.88,overcast clouds
584,Steinbach,DE,2021-10-19 16:04:47,50.1667,8.5667,61.02,90,0,2.3,clear sky
585,Malanje,AO,2021-10-19 16:02:17,-9.5402,16.341,81.27,45,95,6.31,overcast clouds
586,Severo-Yeniseyskiy,RU,2021-10-19 16:04:47,60.3725,93.0408,35.33,92,100,8.46,overcast clouds
587,Ritchie,ZA,2021-10-19 16:04:47,-29.038,24.6028,75.69,11,0,4.21,clear sky
588,Lazaro Cardenas,MX,2021-10-19 16:04:48,17.9583,-102.2,83.25,76,52,2.82,broken clouds
589,Allapalli,IN,2021-10-19 16:04:48,19.4167,80.0667,74.32,93,83,1.92,broken clouds
590,Anna,RU,2021-10-19 16:04:48,51.4842,40.4299,40.64,63,99,11.25,overcast clouds
591,Porto Torres,IT,2021-10-19 16:04:49,40.835,8.3972,69.98,54,5,3.31,clear sky
592,Moose Factory,CA,2021-10-19 16:04:49,51.2585,-80.6094,50.38,68,8,4.43,clear sky
593,Half Moon Bay,US,2021-10-19 15:54:32,37.4636,-122.4286,55.9,90,75,0.0,broken clouds
594,Hibbing,US,2021-10-19 16:04:49,47.4272,-92.9377,60.3,50,98,6.17,overcast clouds
595,Watertown,US,2021-10-19 16:03:36,42.3709,-71.1828,58.57,55,40,8.01,scattered clouds
596,Atar,MR,2021-10-19 15:58:18,20.5169,-13.0499,104.05,13,0,9.22,clear sky
597,Saint-Ambroise,CA,2021-10-19 16:04:50,48.5501,-71.3324,43.9,87,100,11.1,overcast clouds
598,Kalat,PK,2021-10-19 16:04:50,29.0225,66.5916,56.93,10,0,5.08,clear sky
599,Zhuzhou,CN,2021-10-19 16:00:16,27.8333,113.15,58.24,95,100,5.48,overcast clouds
600,Kontagora,NG,2021-10-19 16:04:51,10.3999,5.4695,87.15,59,88,4.88,overcast clouds
601,Vila Franca Do Campo,PT,2021-10-19 15:56:40,37.7167,-25.4333,72.01,64,3,9.28,clear sky
602,Olafsvik,IS,2021-10-19 15:57:24,64.8945,-23.7142,38.75,72,69,38.79,broken clouds
603,Aasiaat,GL,2021-10-19 16:04:51,68.7098,-52.8699,24.46,67,98,6.76,overcast clouds
604,Tigil,RU,2021-10-19 16:04:51,57.8,158.6667,23.97,86,99,13.51,overcast clouds
605,Zhigansk,RU,2021-10-19 16:02:45,66.7697,123.3711,26.73,97,100,19.57,snow
606,Kuytun,RU,2021-10-19 15:58:16,54.3419,101.5036,32.4,84,74,3.31,broken clouds
607,Berlevag,NO,2021-10-19 15:57:26,70.8578,29.0864,33.75,60,40,9.22,light snow
608,Lucea,JM,2021-10-19 16:04:52,18.451,-78.1736,88.86,68,58,12.48,broken clouds
609,Nola,IT,2021-10-19 16:04:52,40.922,14.5329,70.21,62,4,10.0,clear sky
610,Lewisville,US,2021-10-19 16:00:25,33.0462,-96.9942,72.41,68,72,7.0,broken clouds
611,Xiaoweizhai,CN,2021-10-19 16:04:53,26.1903,107.5125,61.25,99,100,2.55,overcast clouds
612,Roura,GF,2021-10-19 16:04:53,4.7263,-52.3274,89.51,58,90,5.75,overcast clouds
613,Aleksandrovskoye,RU,2021-10-19 16:04:53,44.7142,43.0008,48.34,74,100,14.25,light rain
614,Clarence Town,AU,2021-10-19 16:04:54,-32.5833,151.7833,58.98,96,96,3.56,overcast clouds
615,Luanda,AO,2021-10-19 15:53:53,-8.8368,13.2343,78.8,73,20,12.66,few clouds
616,Ulaangom,MN,2021-10-19 16:04:54,49.9811,92.0667,34.29,72,0,1.63,clear sky
617,Garowe,SO,2021-10-19 16:04:54,8.4054,48.4845,88.0,29,3,9.98,clear sky
618,Okato,NZ,2021-10-19 16:04:55,-39.2,173.8833,51.42,91,100,6.2,overcast clouds
619,Camopi,GF,2021-10-19 16:04:55,3.1655,-52.3158,95.79,37,96,0.67,overcast clouds
620,Itoman,JP,2021-10-19 15:59:09,26.1247,127.6694,73.42,73,75,9.22,broken clouds
621,Praia,CV,2021-10-19 16:04:55,14.9215,-23.5087,91.94,38,0,18.41,clear sky
622,Chapais,CA,2021-10-19 16:04:56,49.7834,-74.8492,40.78,96,100,6.13,overcast clouds
623,Lahaina,US,2021-10-19 16:01:21,20.8783,-156.6825,74.8,84,9,9.33,clear sky
624,Kaseda,JP,2021-10-19 16:04:56,31.4167,130.3167,65.59,61,99,15.48,overcast clouds
625,Mandalgovi,MN,2021-10-19 16:04:00,45.7625,106.2708,32.5,40,0,6.04,clear sky
626,Nanakuli,US,2021-10-19 15:59:26,21.3906,-158.1547,75.11,72,46,9.13,scattered clouds
627,Los Algarrobos,PA,2021-10-19 15:59:39,8.5,-82.4333,84.45,78,40,2.3,scattered clouds
628,Hanover,DE,2021-10-19 16:00:00,52.3705,9.7332,59.88,83,75,7.0,light intensity drizzle
629,Dekar,BW,2021-10-19 16:04:57,-21.5333,21.9333,84.4,25,10,13.47,clear sky
630,Bayir,TR,2021-10-19 16:04:57,37.2687,28.2167,64.92,50,87,4.27,overcast clouds
631,Broome,US,2021-10-19 15:57:49,42.2506,-75.833,61.63,66,1,3.0,clear sky
632,El Reno,US,2021-10-19 16:04:57,35.5323,-97.955,71.33,64,1,24.16,clear sky
633,Grahamstown,ZA,2021-10-19 16:04:58,-33.3042,26.5328,58.06,60,0,15.93,clear sky
634,Jining,CN,2021-10-19 16:04:58,35.405,116.5814,49.98,59,100,5.01,light rain
635,Inhambane,MZ,2021-10-19 15:59:09,-23.865,35.3833,62.58,88,75,0.0,broken clouds
636,Heihe,CN,2021-10-19 16:04:58,50.2441,127.4902,29.05,65,45,5.48,scattered clouds
637,Nara,JP,2021-10-19 16:04:59,34.6851,135.8049,65.48,80,33,8.28,scattered clouds
638,Salalah,OM,2021-10-19 15:56:11,17.0151,54.0924,79.07,71,97,2.8,overcast clouds
639,Anadyr,RU,2021-10-19 15:57:50,64.75,177.4833,30.7,80,40,20.0,snow
640,Elizabeth City,US,2021-10-19 16:02:29,36.2946,-76.2511,70.05,46,0,1.99,clear sky
641,Acapulco,MX,2021-10-19 15:52:37,16.8634,-99.8901,82.9,73,98,2.64,overcast clouds
642,Conde,BR,2021-10-19 16:04:59,-7.2597,-34.9075,85.46,62,40,12.66,scattered clouds
643,Aykino,RU,2021-10-19 16:05:00,62.2248,49.9922,33.37,97,100,8.39,light snow
644,Tucuman,AR,2021-10-19 16:04:53,-26.8241,-65.2226,82.4,24,20,4.61,few clouds
645,Vangaindrano,MG,2021-10-19 16:05:00,-23.35,47.6,72.28,86,7,3.96,clear sky
646,Mkushi,ZM,2021-10-19 16:05:00,-13.6202,29.3939,75.51,49,59,11.05,broken clouds
647,Sretensk,RU,2021-10-19 16:05:01,52.2453,117.7093,27.68,79,36,2.06,scattered clouds
648,Murray Bridge,AU,2021-10-19 16:05:02,-35.1167,139.2667,62.49,65,61,7.52,broken clouds
649,Gimli,CA,2021-10-19 16:05:02,50.6336,-96.9907,45.05,74,100,23.49,overcast clouds
650,Rasulnagar,PK,2021-10-19 16:05:03,32.3285,73.7814,75.43,33,0,3.8,clear sky
651,Beidao,CN,2021-10-19 15:58:01,34.5686,105.8933,47.43,93,100,3.29,light rain
652,Bay Roberts,CA,2021-10-19 16:05:04,47.5999,-53.2648,59.5,74,2,7.0,clear sky
653,Orsk,RU,2021-10-19 16:05:05,51.2049,58.5668,55.83,27,93,4.41,overcast clouds
654,Vuktyl,RU,2021-10-19 16:05:05,63.8567,57.3094,31.87,92,99,6.46,overcast clouds
655,Tiarei,PF,2021-10-19 16:05:06,-17.5333,-149.3333,77.02,80,36,16.58,light rain
656,Wajir,KE,2021-10-19 16:05:07,1.7471,40.0573,89.1,41,41,9.24,scattered clouds
657,Yuanping,CN,2021-10-19 16:05:07,38.7153,112.7575,42.64,66,100,1.95,light rain
658,Anchorage,US,2021-10-19 15:58:05,61.2181,-149.9003,41.74,79,100,4.0,overcast clouds
659,Belaya Gora,RU,2021-10-19 15:57:22,68.5333,146.4167,-9.08,99,44,5.21,scattered clouds
660,Aguada De Pasajeros,CU,2021-10-19 16:05:08,22.385,-80.8508,86.14,62,58,12.41,broken clouds
661,Korhogo,CI,2021-10-19 16:05:08,9.45,-5.6333,84.49,58,75,3.2,broken clouds
662,Hambantota,LK,2021-10-19 16:05:08,6.1241,81.1185,79.14,100,20,2.3,few clouds
663,Semikarakorsk,RU,2021-10-19 16:05:09,47.5194,40.8112,45.41,49,54,7.96,broken clouds
664,Raudeberg,NO,2021-10-19 15:58:42,61.9875,5.1352,55.18,90,100,10.0,overcast clouds
665,Japura,ID,2021-10-19 16:05:09,-0.3167,102.35,75.96,95,97,2.3,overcast clouds
666,Vattalkundu,IN,2021-10-19 16:05:09,10.1667,77.7667,81.21,77,98,2.75,light rain
667,Les Herbiers,FR,2021-10-19 16:05:10,46.8667,-1.0167,69.06,55,54,11.12,broken clouds
668,Tura,IN,2021-10-19 16:05:10,25.5198,90.2201,71.51,100,100,1.63,overcast clouds
669,Nisia Floresta,BR,2021-10-19 16:05:10,-6.0911,-35.2086,90.41,48,89,13.65,overcast clouds
670,Nauta,PE,2021-10-19 15:58:22,-4.5061,-73.5757,79.3,87,100,3.09,overcast clouds
671,Amga,RU,2021-10-19 16:05:11,60.8953,131.9608,17.24,92,97,3.04,overcast clouds
672,Blythe,US,2021-10-19 16:05:11,33.6103,-114.5964,62.04,28,0,4.92,clear sky
673,Aitape,PG,2021-10-19 16:05:11,-3.1374,142.3475,78.28,89,99,3.8,overcast clouds
674,Kuusamo,FI,2021-10-19 16:05:12,65.9667,29.1833,24.84,80,0,4.61,clear sky
675,Manosque,FR,2021-10-19 16:05:12,43.8288,5.7869,67.77,52,100,4.43,overcast clouds
676,Bousso,TD,2021-10-19 16:05:12,10.4795,16.7117,91.44,38,83,6.67,broken clouds
677,Dok Kham Tai,TH,2021-10-19 16:05:13,19.1624,99.9934,71.17,98,99,3.2,overcast clouds
678,Santa Isabel Do Rio Negro,BR,2021-10-19 16:05:13,-0.4139,-65.0192,91.8,48,78,2.39,broken clouds
679,Pemba,MZ,2021-10-19 16:05:13,-12.974,40.5178,78.71,75,4,10.92,clear sky
680,Champerico,GT,2021-10-19 16:05:14,14.3,-91.9167,88.75,75,94,6.06,overcast clouds
681,Jalu,LY,2021-10-19 15:58:36,29.0331,21.5482,80.28,29,100,11.81,overcast clouds
682,Sinj,HR,2021-10-19 16:05:14,43.7036,16.6394,62.49,66,63,2.28,broken clouds
683,Dire Dawa,ET,2021-10-19 16:05:14,9.5931,41.8661,75.0,31,86,8.77,overcast clouds
684,Ballina,AU,2021-10-19 15:58:53,-28.8667,153.5667,60.84,88,14,5.75,few clouds
685,Ikom,NG,2021-10-19 16:05:15,5.9667,8.7063,81.68,74,82,4.29,broken clouds
686,Maryville,US,2021-10-19 16:05:15,35.7565,-83.9705,67.08,66,1,1.01,clear sky
687,Koslan,RU,2021-10-19 15:58:21,63.4564,48.8989,35.17,89,100,8.3,overcast clouds
688,Sulangan,PH,2021-10-19 15:59:04,11.1373,123.7228,83.75,79,69,11.32,broken clouds
689,Cliffside Park,US,2021-10-19 16:05:16,40.8215,-73.9876,62.47,56,1,10.36,clear sky
690,Wellington,NZ,2021-10-19 16:05:16,-41.2866,174.7756,52.77,82,75,1.99,broken clouds
691,Vila,PT,2021-10-19 16:05:16,42.0304,-8.1588,71.74,69,25,10.2,scattered clouds
692,Haysville,US,2021-10-19 16:05:16,37.5645,-97.3523,68.4,59,1,11.01,clear sky
693,Sao Geraldo Do Araguaia,BR,2021-10-19 16:05:17,-6.4006,-48.555,93.13,40,56,2.21,broken clouds
694,Kwekwe,ZW,2021-10-19 16:05:17,-18.9281,29.8149,66.72,60,93,11.88,overcast clouds
695,Mayya,RU,2021-10-19 16:05:17,61.7333,130.2811,13.32,95,100,4.25,light snow
696,Lata,PT,2021-10-19 15:56:52,40.1629,-8.3327,85.35,51,10,8.79,clear sky
697,Saint Joseph,US,2021-10-19 16:02:07,39.7686,-94.8466,67.08,57,1,14.97,clear sky
698,Almunecar,ES,2021-10-19 16:05:18,36.7339,-3.6907,88.72,76,77,8.19,broken clouds
699,Ambovombe,MG,2021-10-19 16:05:18,-25.1667,46.0833,68.68,82,100,13.76,overcast clouds
700,Paamiut,GL,2021-10-19 16:05:18,61.994,-49.6678,39.27,56,0,3.74,clear sky
701,Mogadishu,SO,2021-10-19 16:05:19,2.0371,45.3438,79.05,85,100,12.75,overcast clouds
702,Mumford,GH,2021-10-19 16:05:19,5.2618,-0.759,80.96,77,89,14.41,overcast clouds
703,Churapcha,RU,2021-10-19 16:05:19,62.0025,132.4325,15.48,95,100,3.6,light snow
704,Bandarbeyla,SO,2021-10-19 15:59:06,9.4942,50.8122,79.18,85,6,12.68,clear sky
705,Boa Viagem,BR,2021-10-19 16:05:20,-5.1275,-39.7322,97.47,25,56,7.14,broken clouds
706,Big Bend,SZ,2021-10-19 16:05:20,-26.8167,31.9333,66.42,52,19,11.86,few clouds
707,Potosi,BO,2021-10-19 16:05:09,-19.5836,-65.7531,59.77,9,71,9.66,broken clouds
708,Durban,ZA,2021-10-19 16:05:20,-29.8579,31.0292,66.02,69,62,3.0,broken clouds
709,Bima,ID,2021-10-19 15:57:56,-8.4667,118.7167,79.7,90,52,4.47,broken clouds
